"shop_name","shop_img","item","oinc_cost"
"Mud Spa (Healing)","https://static.wikia.nocookie.net/dont-starve-game/images/e/ee/Curly_Tails_Mud_Spa_Build.png/revision/latest/scale-to-width-down/251?cb=20181030192207","Anti Venom","5"
"Mud Spa (Healing)","https://static.wikia.nocookie.net/dont-starve-game/images/e/ee/Curly_Tails_Mud_Spa_Build.png/revision/latest/scale-to-width-down/251?cb=20181030192207","Honey Poultice","5"
"Mud Spa (Healing)","https://static.wikia.nocookie.net/dont-starve-game/images/e/ee/Curly_Tails_Mud_Spa_Build.png/revision/latest/scale-to-width-down/251?cb=20181030192207","Healing Salve","4"
"Mud Spa (Healing)","https://static.wikia.nocookie.net/dont-starve-game/images/e/ee/Curly_Tails_Mud_Spa_Build.png/revision/latest/scale-to-width-down/251?cb=20181030192207","Blue Cap","3"
"Mud Spa (Healing)","https://static.wikia.nocookie.net/dont-starve-game/images/e/ee/Curly_Tails_Mud_Spa_Build.png/revision/latest/scale-to-width-down/251?cb=20181030192207","Green Cap","2"
"Mud Spa (Healing)","https://static.wikia.nocookie.net/dont-starve-game/images/e/ee/Curly_Tails_Mud_Spa_Build.png/revision/latest/scale-to-width-down/251?cb=20181030192207","Coffee Beans","2"
"Mud Spa (Healing)","https://static.wikia.nocookie.net/dont-starve-game/images/e/ee/Curly_Tails_Mud_Spa_Build.png/revision/latest/scale-to-width-down/251?cb=20181030192207","Miner Hat","20"
"Mud Spa (Healing)","https://static.wikia.nocookie.net/dont-starve-game/images/e/ee/Curly_Tails_Mud_Spa_Build.png/revision/latest/scale-to-width-down/251?cb=20181030192207","Bug Net","20"
"Mud Spa (Healing)","https://static.wikia.nocookie.net/dont-starve-game/images/e/ee/Curly_Tails_Mud_Spa_Build.png/revision/latest/scale-to-width-down/251?cb=20181030192207","Fishing Rod","10"
"Mud Spa (Healing)","https://static.wikia.nocookie.net/dont-starve-game/images/e/ee/Curly_Tails_Mud_Spa_Build.png/revision/latest/scale-to-width-down/251?cb=20181030192207","Umbrella","10"
"Mud Spa (Healing)","https://static.wikia.nocookie.net/dont-starve-game/images/e/ee/Curly_Tails_Mud_Spa_Build.png/revision/latest/scale-to-width-down/251?cb=20181030192207","Axe","5"
"Mud Spa (Healing)","https://static.wikia.nocookie.net/dont-starve-game/images/e/ee/Curly_Tails_Mud_Spa_Build.png/revision/latest/scale-to-width-down/251?cb=20181030192207","Pickaxe","5"
"Mud Spa (Healing)","https://static.wikia.nocookie.net/dont-starve-game/images/e/ee/Curly_Tails_Mud_Spa_Build.png/revision/latest/scale-to-width-down/251?cb=20181030192207","Shovel","5"
"Mud Spa (Healing)","https://static.wikia.nocookie.net/dont-starve-game/images/e/ee/Curly_Tails_Mud_Spa_Build.png/revision/latest/scale-to-width-down/251?cb=20181030192207","Machete","5"
"Mud Spa (Healing)","https://static.wikia.nocookie.net/dont-starve-game/images/e/ee/Curly_Tails_Mud_Spa_Build.png/revision/latest/scale-to-width-down/251?cb=20181030192207","Pitchfork","5"
"Mud Spa (Healing)","https://static.wikia.nocookie.net/dont-starve-game/images/e/ee/Curly_Tails_Mud_Spa_Build.png/revision/latest/scale-to-width-down/251?cb=20181030192207","Backpack","5"
"Mud Spa (Healing)","https://static.wikia.nocookie.net/dont-starve-game/images/e/ee/Curly_Tails_Mud_Spa_Build.png/revision/latest/scale-to-width-down/251?cb=20181030192207","Cloth","5"
"Mud Spa (Healing)","https://static.wikia.nocookie.net/dont-starve-game/images/e/ee/Curly_Tails_Mud_Spa_Build.png/revision/latest/scale-to-width-down/251?cb=20181030192207","Razor","3"
"Mud Spa (Healing)","https://static.wikia.nocookie.net/dont-starve-game/images/e/ee/Curly_Tails_Mud_Spa_Build.png/revision/latest/scale-to-width-down/251?cb=20181030192207","Flint","1"
"Mud Spa (Healing)","https://static.wikia.nocookie.net/dont-starve-game/images/e/ee/Curly_Tails_Mud_Spa_Build.png/revision/latest/scale-to-width-down/251?cb=20181030192207","Firecrackers","1"
"Mud Spa (Healing)","https://static.wikia.nocookie.net/dont-starve-game/images/e/ee/Curly_Tails_Mud_Spa_Build.png/revision/latest/scale-to-width-down/251?cb=20181030192207","Dragonpie","30"
"Mud Spa (Healing)","https://static.wikia.nocookie.net/dont-starve-game/images/e/ee/Curly_Tails_Mud_Spa_Build.png/revision/latest/scale-to-width-down/251?cb=20181030192207","Honey Ham","20"
"Mud Spa (Healing)","https://static.wikia.nocookie.net/dont-starve-game/images/e/ee/Curly_Tails_Mud_Spa_Build.png/revision/latest/scale-to-width-down/251?cb=20181030192207","Meatballs","10"
"Mud Spa (Healing)","https://static.wikia.nocookie.net/dont-starve-game/images/e/ee/Curly_Tails_Mud_Spa_Build.png/revision/latest/scale-to-width-down/251?cb=20181030192207","Pierogi","10"
"Mud Spa (Healing)","https://static.wikia.nocookie.net/dont-starve-game/images/e/ee/Curly_Tails_Mud_Spa_Build.png/revision/latest/scale-to-width-down/251?cb=20181030192207","Turkey Dinner","10"
"Mud Spa (Healing)","https://static.wikia.nocookie.net/dont-starve-game/images/e/ee/Curly_Tails_Mud_Spa_Build.png/revision/latest/scale-to-width-down/251?cb=20181030192207","Waffles","10"
"Mud Spa (Healing)","https://static.wikia.nocookie.net/dont-starve-game/images/e/ee/Curly_Tails_Mud_Spa_Build.png/revision/latest/scale-to-width-down/251?cb=20181030192207","Froggle Bunwich","5"
"Mud Spa (Healing)","https://static.wikia.nocookie.net/dont-starve-game/images/e/ee/Curly_Tails_Mud_Spa_Build.png/revision/latest/scale-to-width-down/251?cb=20181030192207","Honey Nuggets","5"
"Mud Spa (Healing)","https://static.wikia.nocookie.net/dont-starve-game/images/e/ee/Curly_Tails_Mud_Spa_Build.png/revision/latest/scale-to-width-down/251?cb=20181030192207","Stuffed Eggplant","4"
"Mud Spa (Healing)","https://static.wikia.nocookie.net/dont-starve-game/images/e/ee/Curly_Tails_Mud_Spa_Build.png/revision/latest/scale-to-width-down/251?cb=20181030192207","Pumpkin Cookies","3"
"Mud Spa (Healing)","https://static.wikia.nocookie.net/dont-starve-game/images/e/ee/Curly_Tails_Mud_Spa_Build.png/revision/latest/scale-to-width-down/251?cb=20181030192207","Ratatouille","3"
"Mud Spa (Healing)","https://static.wikia.nocookie.net/dont-starve-game/images/e/ee/Curly_Tails_Mud_Spa_Build.png/revision/latest/scale-to-width-down/251?cb=20181030192207","Monster Lasagna","2"
"Mud Spa (Healing)","https://static.wikia.nocookie.net/dont-starve-game/images/e/ee/Curly_Tails_Mud_Spa_Build.png/revision/latest/scale-to-width-down/251?cb=20181030192207","Meat","5"
"Mud Spa (Healing)","https://static.wikia.nocookie.net/dont-starve-game/images/e/ee/Curly_Tails_Mud_Spa_Build.png/revision/latest/scale-to-width-down/251?cb=20181030192207","Coconut","3"
"Mud Spa (Healing)","https://static.wikia.nocookie.net/dont-starve-game/images/e/ee/Curly_Tails_Mud_Spa_Build.png/revision/latest/scale-to-width-down/251?cb=20181030192207","Pumpkin","3"
"Mud Spa (Healing)","https://static.wikia.nocookie.net/dont-starve-game/images/e/ee/Curly_Tails_Mud_Spa_Build.png/revision/latest/scale-to-width-down/251?cb=20181030192207","Frog Legs","2"
"Mud Spa (Healing)","https://static.wikia.nocookie.net/dont-starve-game/images/e/ee/Curly_Tails_Mud_Spa_Build.png/revision/latest/scale-to-width-down/251?cb=20181030192207","Drumstick","2"
"Mud Spa (Healing)","https://static.wikia.nocookie.net/dont-starve-game/images/e/ee/Curly_Tails_Mud_Spa_Build.png/revision/latest/scale-to-width-down/251?cb=20181030192207","Eggplant","2"
"Mud Spa (Healing)","https://static.wikia.nocookie.net/dont-starve-game/images/e/ee/Curly_Tails_Mud_Spa_Build.png/revision/latest/scale-to-width-down/251?cb=20181030192207","Corn","2"
"Mud Spa (Healing)","https://static.wikia.nocookie.net/dont-starve-game/images/e/ee/Curly_Tails_Mud_Spa_Build.png/revision/latest/scale-to-width-down/251?cb=20181030192207","Berries","1"
"Mud Spa (Healing)","https://static.wikia.nocookie.net/dont-starve-game/images/e/ee/Curly_Tails_Mud_Spa_Build.png/revision/latest/scale-to-width-down/251?cb=20181030192207","Ice","1"
"Mud Spa (Healing)","https://static.wikia.nocookie.net/dont-starve-game/images/e/ee/Curly_Tails_Mud_Spa_Build.png/revision/latest/scale-to-width-down/251?cb=20181030192207","Watermelon","1"
"Mud Spa (Healing)","https://static.wikia.nocookie.net/dont-starve-game/images/e/ee/Curly_Tails_Mud_Spa_Build.png/revision/latest/scale-to-width-down/251?cb=20181030192207","Sweet Potato","1"
"Mud Spa (Healing)","https://static.wikia.nocookie.net/dont-starve-game/images/e/ee/Curly_Tails_Mud_Spa_Build.png/revision/latest/scale-to-width-down/251?cb=20181030192207","Carrot","1"
"Mud Spa (Healing)","https://static.wikia.nocookie.net/dont-starve-game/images/e/ee/Curly_Tails_Mud_Spa_Build.png/revision/latest/scale-to-width-down/251?cb=20181030192207","Pomegranate","1"
"Mud Spa (Healing)","https://static.wikia.nocookie.net/dont-starve-game/images/e/ee/Curly_Tails_Mud_Spa_Build.png/revision/latest/scale-to-width-down/251?cb=20181030192207","Banana","1"
"Mud Spa (Healing)","https://static.wikia.nocookie.net/dont-starve-game/images/e/ee/Curly_Tails_Mud_Spa_Build.png/revision/latest/scale-to-width-down/251?cb=20181030192207","Dragon Fruit Seeds","10"
"Mud Spa (Healing)","https://static.wikia.nocookie.net/dont-starve-game/images/e/ee/Curly_Tails_Mud_Spa_Build.png/revision/latest/scale-to-width-down/251?cb=20181030192207","Garland","2"
"Mud Spa (Healing)","https://static.wikia.nocookie.net/dont-starve-game/images/e/ee/Curly_Tails_Mud_Spa_Build.png/revision/latest/scale-to-width-down/251?cb=20181030192207","Berry Bush","2"
"Mud Spa (Healing)","https://static.wikia.nocookie.net/dont-starve-game/images/e/ee/Curly_Tails_Mud_Spa_Build.png/revision/latest/scale-to-width-down/251?cb=20181030192207","Pumpkin Seeds","1"
"Mud Spa (Healing)","https://static.wikia.nocookie.net/dont-starve-game/images/e/ee/Curly_Tails_Mud_Spa_Build.png/revision/latest/scale-to-width-down/251?cb=20181030192207","Pomegranate Seeds","1"
"Mud Spa (Healing)","https://static.wikia.nocookie.net/dont-starve-game/images/e/ee/Curly_Tails_Mud_Spa_Build.png/revision/latest/scale-to-width-down/251?cb=20181030192207","Eggplant Seeds","1"
"Mud Spa (Healing)","https://static.wikia.nocookie.net/dont-starve-game/images/e/ee/Curly_Tails_Mud_Spa_Build.png/revision/latest/scale-to-width-down/251?cb=20181030192207","Durian Seeds","1"
"Mud Spa (Healing)","https://static.wikia.nocookie.net/dont-starve-game/images/e/ee/Curly_Tails_Mud_Spa_Build.png/revision/latest/scale-to-width-down/251?cb=20181030192207","Corn Seeds","1"
"Mud Spa (Healing)","https://static.wikia.nocookie.net/dont-starve-game/images/e/ee/Curly_Tails_Mud_Spa_Build.png/revision/latest/scale-to-width-down/251?cb=20181030192207","Watermelon Seeds","1"
"Mud Spa (Healing)","https://static.wikia.nocookie.net/dont-starve-game/images/e/ee/Curly_Tails_Mud_Spa_Build.png/revision/latest/scale-to-width-down/251?cb=20181030192207","Birchnut","1"
"Mud Spa (Healing)","https://static.wikia.nocookie.net/dont-starve-game/images/e/ee/Curly_Tails_Mud_Spa_Build.png/revision/latest/scale-to-width-down/251?cb=20181030192207","Pine Cone","1"
"Mud Spa (Healing)","https://static.wikia.nocookie.net/dont-starve-game/images/e/ee/Curly_Tails_Mud_Spa_Build.png/revision/latest/scale-to-width-down/251?cb=20181030192207","Deerclops Eyeball","50"
"Mud Spa (Healing)","https://static.wikia.nocookie.net/dont-starve-game/images/e/ee/Curly_Tails_Mud_Spa_Build.png/revision/latest/scale-to-width-down/251?cb=20181030192207","Mandrake","50"
"Mud Spa (Healing)","https://static.wikia.nocookie.net/dont-starve-game/images/e/ee/Curly_Tails_Mud_Spa_Build.png/revision/latest/scale-to-width-down/251?cb=20181030192207","Walrus Tusk","50"
"Mud Spa (Healing)","https://static.wikia.nocookie.net/dont-starve-game/images/e/ee/Curly_Tails_Mud_Spa_Build.png/revision/latest/scale-to-width-down/251?cb=20181030192207","Down Feather","40"
"Mud Spa (Healing)","https://static.wikia.nocookie.net/dont-starve-game/images/e/ee/Curly_Tails_Mud_Spa_Build.png/revision/latest/scale-to-width-down/251?cb=20181030192207","Thick Fur","40"
"Mud Spa (Healing)","https://static.wikia.nocookie.net/dont-starve-game/images/e/ee/Curly_Tails_Mud_Spa_Build.png/revision/latest/scale-to-width-down/251?cb=20181030192207","Scales","30"
"Mud Spa (Healing)","https://static.wikia.nocookie.net/dont-starve-game/images/e/ee/Curly_Tails_Mud_Spa_Build.png/revision/latest/scale-to-width-down/251?cb=20181030192207","Glow Berry","20"
"Mud Spa (Healing)","https://static.wikia.nocookie.net/dont-starve-game/images/e/ee/Curly_Tails_Mud_Spa_Build.png/revision/latest/scale-to-width-down/251?cb=20181030192207","Gears","10"
"Mud Spa (Healing)","https://static.wikia.nocookie.net/dont-starve-game/images/e/ee/Curly_Tails_Mud_Spa_Build.png/revision/latest/scale-to-width-down/251?cb=20181030192207","Beefalo Horn","5"
"Mud Spa (Healing)","https://static.wikia.nocookie.net/dont-starve-game/images/e/ee/Curly_Tails_Mud_Spa_Build.png/revision/latest/scale-to-width-down/251?cb=20181030192207","Horn","5"
"Mud Spa (Healing)","https://static.wikia.nocookie.net/dont-starve-game/images/e/ee/Curly_Tails_Mud_Spa_Build.png/revision/latest/scale-to-width-down/251?cb=20181030192207","Hound's Tooth","5"
"Mud Spa (Healing)","https://static.wikia.nocookie.net/dont-starve-game/images/e/ee/Curly_Tails_Mud_Spa_Build.png/revision/latest/scale-to-width-down/251?cb=20181030192207","Silk","5"
"Mud Spa (Healing)","https://static.wikia.nocookie.net/dont-starve-game/images/e/ee/Curly_Tails_Mud_Spa_Build.png/revision/latest/scale-to-width-down/251?cb=20181030192207","Volt Goat Horn","5"
"Mud Spa (Healing)","https://static.wikia.nocookie.net/dont-starve-game/images/e/ee/Curly_Tails_Mud_Spa_Build.png/revision/latest/scale-to-width-down/251?cb=20181030192207","Cat Tail","4"
"Mud Spa (Healing)","https://static.wikia.nocookie.net/dont-starve-game/images/e/ee/Curly_Tails_Mud_Spa_Build.png/revision/latest/scale-to-width-down/251?cb=20181030192207","Bamboo","3"
"General Store (Tools, Survival, Crafting)","https://static.wikia.nocookie.net/dont-starve-game/images/0/02/Pigg_and_Pigglet%27s_General_Store_Build.png/revision/latest/scale-to-width-down/246?cb=20181021154306","Anti Venom","5"
"General Store (Tools, Survival, Crafting)","https://static.wikia.nocookie.net/dont-starve-game/images/0/02/Pigg_and_Pigglet%27s_General_Store_Build.png/revision/latest/scale-to-width-down/246?cb=20181021154306","Honey Poultice","5"
"General Store (Tools, Survival, Crafting)","https://static.wikia.nocookie.net/dont-starve-game/images/0/02/Pigg_and_Pigglet%27s_General_Store_Build.png/revision/latest/scale-to-width-down/246?cb=20181021154306","Healing Salve","4"
"General Store (Tools, Survival, Crafting)","https://static.wikia.nocookie.net/dont-starve-game/images/0/02/Pigg_and_Pigglet%27s_General_Store_Build.png/revision/latest/scale-to-width-down/246?cb=20181021154306","Blue Cap","3"
"General Store (Tools, Survival, Crafting)","https://static.wikia.nocookie.net/dont-starve-game/images/0/02/Pigg_and_Pigglet%27s_General_Store_Build.png/revision/latest/scale-to-width-down/246?cb=20181021154306","Green Cap","2"
"General Store (Tools, Survival, Crafting)","https://static.wikia.nocookie.net/dont-starve-game/images/0/02/Pigg_and_Pigglet%27s_General_Store_Build.png/revision/latest/scale-to-width-down/246?cb=20181021154306","Coffee Beans","2"
"General Store (Tools, Survival, Crafting)","https://static.wikia.nocookie.net/dont-starve-game/images/0/02/Pigg_and_Pigglet%27s_General_Store_Build.png/revision/latest/scale-to-width-down/246?cb=20181021154306","Miner Hat","20"
"General Store (Tools, Survival, Crafting)","https://static.wikia.nocookie.net/dont-starve-game/images/0/02/Pigg_and_Pigglet%27s_General_Store_Build.png/revision/latest/scale-to-width-down/246?cb=20181021154306","Bug Net","20"
"General Store (Tools, Survival, Crafting)","https://static.wikia.nocookie.net/dont-starve-game/images/0/02/Pigg_and_Pigglet%27s_General_Store_Build.png/revision/latest/scale-to-width-down/246?cb=20181021154306","Fishing Rod","10"
"General Store (Tools, Survival, Crafting)","https://static.wikia.nocookie.net/dont-starve-game/images/0/02/Pigg_and_Pigglet%27s_General_Store_Build.png/revision/latest/scale-to-width-down/246?cb=20181021154306","Umbrella","10"
"General Store (Tools, Survival, Crafting)","https://static.wikia.nocookie.net/dont-starve-game/images/0/02/Pigg_and_Pigglet%27s_General_Store_Build.png/revision/latest/scale-to-width-down/246?cb=20181021154306","Axe","5"
"General Store (Tools, Survival, Crafting)","https://static.wikia.nocookie.net/dont-starve-game/images/0/02/Pigg_and_Pigglet%27s_General_Store_Build.png/revision/latest/scale-to-width-down/246?cb=20181021154306","Pickaxe","5"
"General Store (Tools, Survival, Crafting)","https://static.wikia.nocookie.net/dont-starve-game/images/0/02/Pigg_and_Pigglet%27s_General_Store_Build.png/revision/latest/scale-to-width-down/246?cb=20181021154306","Shovel","5"
"General Store (Tools, Survival, Crafting)","https://static.wikia.nocookie.net/dont-starve-game/images/0/02/Pigg_and_Pigglet%27s_General_Store_Build.png/revision/latest/scale-to-width-down/246?cb=20181021154306","Machete","5"
"General Store (Tools, Survival, Crafting)","https://static.wikia.nocookie.net/dont-starve-game/images/0/02/Pigg_and_Pigglet%27s_General_Store_Build.png/revision/latest/scale-to-width-down/246?cb=20181021154306","Pitchfork","5"
"General Store (Tools, Survival, Crafting)","https://static.wikia.nocookie.net/dont-starve-game/images/0/02/Pigg_and_Pigglet%27s_General_Store_Build.png/revision/latest/scale-to-width-down/246?cb=20181021154306","Backpack","5"
"General Store (Tools, Survival, Crafting)","https://static.wikia.nocookie.net/dont-starve-game/images/0/02/Pigg_and_Pigglet%27s_General_Store_Build.png/revision/latest/scale-to-width-down/246?cb=20181021154306","Cloth","5"
"General Store (Tools, Survival, Crafting)","https://static.wikia.nocookie.net/dont-starve-game/images/0/02/Pigg_and_Pigglet%27s_General_Store_Build.png/revision/latest/scale-to-width-down/246?cb=20181021154306","Razor","3"
"General Store (Tools, Survival, Crafting)","https://static.wikia.nocookie.net/dont-starve-game/images/0/02/Pigg_and_Pigglet%27s_General_Store_Build.png/revision/latest/scale-to-width-down/246?cb=20181021154306","Flint","1"
"General Store (Tools, Survival, Crafting)","https://static.wikia.nocookie.net/dont-starve-game/images/0/02/Pigg_and_Pigglet%27s_General_Store_Build.png/revision/latest/scale-to-width-down/246?cb=20181021154306","Firecrackers","1"
"General Store (Tools, Survival, Crafting)","https://static.wikia.nocookie.net/dont-starve-game/images/0/02/Pigg_and_Pigglet%27s_General_Store_Build.png/revision/latest/scale-to-width-down/246?cb=20181021154306","Dragonpie","30"
"General Store (Tools, Survival, Crafting)","https://static.wikia.nocookie.net/dont-starve-game/images/0/02/Pigg_and_Pigglet%27s_General_Store_Build.png/revision/latest/scale-to-width-down/246?cb=20181021154306","Honey Ham","20"
"General Store (Tools, Survival, Crafting)","https://static.wikia.nocookie.net/dont-starve-game/images/0/02/Pigg_and_Pigglet%27s_General_Store_Build.png/revision/latest/scale-to-width-down/246?cb=20181021154306","Meatballs","10"
"General Store (Tools, Survival, Crafting)","https://static.wikia.nocookie.net/dont-starve-game/images/0/02/Pigg_and_Pigglet%27s_General_Store_Build.png/revision/latest/scale-to-width-down/246?cb=20181021154306","Pierogi","10"
"General Store (Tools, Survival, Crafting)","https://static.wikia.nocookie.net/dont-starve-game/images/0/02/Pigg_and_Pigglet%27s_General_Store_Build.png/revision/latest/scale-to-width-down/246?cb=20181021154306","Turkey Dinner","10"
"General Store (Tools, Survival, Crafting)","https://static.wikia.nocookie.net/dont-starve-game/images/0/02/Pigg_and_Pigglet%27s_General_Store_Build.png/revision/latest/scale-to-width-down/246?cb=20181021154306","Waffles","10"
"General Store (Tools, Survival, Crafting)","https://static.wikia.nocookie.net/dont-starve-game/images/0/02/Pigg_and_Pigglet%27s_General_Store_Build.png/revision/latest/scale-to-width-down/246?cb=20181021154306","Froggle Bunwich","5"
"General Store (Tools, Survival, Crafting)","https://static.wikia.nocookie.net/dont-starve-game/images/0/02/Pigg_and_Pigglet%27s_General_Store_Build.png/revision/latest/scale-to-width-down/246?cb=20181021154306","Honey Nuggets","5"
"General Store (Tools, Survival, Crafting)","https://static.wikia.nocookie.net/dont-starve-game/images/0/02/Pigg_and_Pigglet%27s_General_Store_Build.png/revision/latest/scale-to-width-down/246?cb=20181021154306","Stuffed Eggplant","4"
"General Store (Tools, Survival, Crafting)","https://static.wikia.nocookie.net/dont-starve-game/images/0/02/Pigg_and_Pigglet%27s_General_Store_Build.png/revision/latest/scale-to-width-down/246?cb=20181021154306","Pumpkin Cookies","3"
"General Store (Tools, Survival, Crafting)","https://static.wikia.nocookie.net/dont-starve-game/images/0/02/Pigg_and_Pigglet%27s_General_Store_Build.png/revision/latest/scale-to-width-down/246?cb=20181021154306","Ratatouille","3"
"General Store (Tools, Survival, Crafting)","https://static.wikia.nocookie.net/dont-starve-game/images/0/02/Pigg_and_Pigglet%27s_General_Store_Build.png/revision/latest/scale-to-width-down/246?cb=20181021154306","Monster Lasagna","2"
"General Store (Tools, Survival, Crafting)","https://static.wikia.nocookie.net/dont-starve-game/images/0/02/Pigg_and_Pigglet%27s_General_Store_Build.png/revision/latest/scale-to-width-down/246?cb=20181021154306","Meat","5"
"General Store (Tools, Survival, Crafting)","https://static.wikia.nocookie.net/dont-starve-game/images/0/02/Pigg_and_Pigglet%27s_General_Store_Build.png/revision/latest/scale-to-width-down/246?cb=20181021154306","Coconut","3"
"General Store (Tools, Survival, Crafting)","https://static.wikia.nocookie.net/dont-starve-game/images/0/02/Pigg_and_Pigglet%27s_General_Store_Build.png/revision/latest/scale-to-width-down/246?cb=20181021154306","Pumpkin","3"
"General Store (Tools, Survival, Crafting)","https://static.wikia.nocookie.net/dont-starve-game/images/0/02/Pigg_and_Pigglet%27s_General_Store_Build.png/revision/latest/scale-to-width-down/246?cb=20181021154306","Frog Legs","2"
"General Store (Tools, Survival, Crafting)","https://static.wikia.nocookie.net/dont-starve-game/images/0/02/Pigg_and_Pigglet%27s_General_Store_Build.png/revision/latest/scale-to-width-down/246?cb=20181021154306","Drumstick","2"
"General Store (Tools, Survival, Crafting)","https://static.wikia.nocookie.net/dont-starve-game/images/0/02/Pigg_and_Pigglet%27s_General_Store_Build.png/revision/latest/scale-to-width-down/246?cb=20181021154306","Eggplant","2"
"General Store (Tools, Survival, Crafting)","https://static.wikia.nocookie.net/dont-starve-game/images/0/02/Pigg_and_Pigglet%27s_General_Store_Build.png/revision/latest/scale-to-width-down/246?cb=20181021154306","Corn","2"
"General Store (Tools, Survival, Crafting)","https://static.wikia.nocookie.net/dont-starve-game/images/0/02/Pigg_and_Pigglet%27s_General_Store_Build.png/revision/latest/scale-to-width-down/246?cb=20181021154306","Berries","1"
"General Store (Tools, Survival, Crafting)","https://static.wikia.nocookie.net/dont-starve-game/images/0/02/Pigg_and_Pigglet%27s_General_Store_Build.png/revision/latest/scale-to-width-down/246?cb=20181021154306","Ice","1"
"General Store (Tools, Survival, Crafting)","https://static.wikia.nocookie.net/dont-starve-game/images/0/02/Pigg_and_Pigglet%27s_General_Store_Build.png/revision/latest/scale-to-width-down/246?cb=20181021154306","Watermelon","1"
"General Store (Tools, Survival, Crafting)","https://static.wikia.nocookie.net/dont-starve-game/images/0/02/Pigg_and_Pigglet%27s_General_Store_Build.png/revision/latest/scale-to-width-down/246?cb=20181021154306","Sweet Potato","1"
"General Store (Tools, Survival, Crafting)","https://static.wikia.nocookie.net/dont-starve-game/images/0/02/Pigg_and_Pigglet%27s_General_Store_Build.png/revision/latest/scale-to-width-down/246?cb=20181021154306","Carrot","1"
"General Store (Tools, Survival, Crafting)","https://static.wikia.nocookie.net/dont-starve-game/images/0/02/Pigg_and_Pigglet%27s_General_Store_Build.png/revision/latest/scale-to-width-down/246?cb=20181021154306","Pomegranate","1"
"General Store (Tools, Survival, Crafting)","https://static.wikia.nocookie.net/dont-starve-game/images/0/02/Pigg_and_Pigglet%27s_General_Store_Build.png/revision/latest/scale-to-width-down/246?cb=20181021154306","Banana","1"
"General Store (Tools, Survival, Crafting)","https://static.wikia.nocookie.net/dont-starve-game/images/0/02/Pigg_and_Pigglet%27s_General_Store_Build.png/revision/latest/scale-to-width-down/246?cb=20181021154306","Dragon Fruit Seeds","10"
"General Store (Tools, Survival, Crafting)","https://static.wikia.nocookie.net/dont-starve-game/images/0/02/Pigg_and_Pigglet%27s_General_Store_Build.png/revision/latest/scale-to-width-down/246?cb=20181021154306","Garland","2"
"General Store (Tools, Survival, Crafting)","https://static.wikia.nocookie.net/dont-starve-game/images/0/02/Pigg_and_Pigglet%27s_General_Store_Build.png/revision/latest/scale-to-width-down/246?cb=20181021154306","Berry Bush","2"
"General Store (Tools, Survival, Crafting)","https://static.wikia.nocookie.net/dont-starve-game/images/0/02/Pigg_and_Pigglet%27s_General_Store_Build.png/revision/latest/scale-to-width-down/246?cb=20181021154306","Pumpkin Seeds","1"
"General Store (Tools, Survival, Crafting)","https://static.wikia.nocookie.net/dont-starve-game/images/0/02/Pigg_and_Pigglet%27s_General_Store_Build.png/revision/latest/scale-to-width-down/246?cb=20181021154306","Pomegranate Seeds","1"
"General Store (Tools, Survival, Crafting)","https://static.wikia.nocookie.net/dont-starve-game/images/0/02/Pigg_and_Pigglet%27s_General_Store_Build.png/revision/latest/scale-to-width-down/246?cb=20181021154306","Eggplant Seeds","1"
"General Store (Tools, Survival, Crafting)","https://static.wikia.nocookie.net/dont-starve-game/images/0/02/Pigg_and_Pigglet%27s_General_Store_Build.png/revision/latest/scale-to-width-down/246?cb=20181021154306","Durian Seeds","1"
"General Store (Tools, Survival, Crafting)","https://static.wikia.nocookie.net/dont-starve-game/images/0/02/Pigg_and_Pigglet%27s_General_Store_Build.png/revision/latest/scale-to-width-down/246?cb=20181021154306","Corn Seeds","1"
"General Store (Tools, Survival, Crafting)","https://static.wikia.nocookie.net/dont-starve-game/images/0/02/Pigg_and_Pigglet%27s_General_Store_Build.png/revision/latest/scale-to-width-down/246?cb=20181021154306","Watermelon Seeds","1"
"General Store (Tools, Survival, Crafting)","https://static.wikia.nocookie.net/dont-starve-game/images/0/02/Pigg_and_Pigglet%27s_General_Store_Build.png/revision/latest/scale-to-width-down/246?cb=20181021154306","Birchnut","1"
"General Store (Tools, Survival, Crafting)","https://static.wikia.nocookie.net/dont-starve-game/images/0/02/Pigg_and_Pigglet%27s_General_Store_Build.png/revision/latest/scale-to-width-down/246?cb=20181021154306","Pine Cone","1"
"General Store (Tools, Survival, Crafting)","https://static.wikia.nocookie.net/dont-starve-game/images/0/02/Pigg_and_Pigglet%27s_General_Store_Build.png/revision/latest/scale-to-width-down/246?cb=20181021154306","Deerclops Eyeball","50"
"General Store (Tools, Survival, Crafting)","https://static.wikia.nocookie.net/dont-starve-game/images/0/02/Pigg_and_Pigglet%27s_General_Store_Build.png/revision/latest/scale-to-width-down/246?cb=20181021154306","Mandrake","50"
"General Store (Tools, Survival, Crafting)","https://static.wikia.nocookie.net/dont-starve-game/images/0/02/Pigg_and_Pigglet%27s_General_Store_Build.png/revision/latest/scale-to-width-down/246?cb=20181021154306","Walrus Tusk","50"
"General Store (Tools, Survival, Crafting)","https://static.wikia.nocookie.net/dont-starve-game/images/0/02/Pigg_and_Pigglet%27s_General_Store_Build.png/revision/latest/scale-to-width-down/246?cb=20181021154306","Down Feather","40"
"General Store (Tools, Survival, Crafting)","https://static.wikia.nocookie.net/dont-starve-game/images/0/02/Pigg_and_Pigglet%27s_General_Store_Build.png/revision/latest/scale-to-width-down/246?cb=20181021154306","Thick Fur","40"
"General Store (Tools, Survival, Crafting)","https://static.wikia.nocookie.net/dont-starve-game/images/0/02/Pigg_and_Pigglet%27s_General_Store_Build.png/revision/latest/scale-to-width-down/246?cb=20181021154306","Scales","30"
"General Store (Tools, Survival, Crafting)","https://static.wikia.nocookie.net/dont-starve-game/images/0/02/Pigg_and_Pigglet%27s_General_Store_Build.png/revision/latest/scale-to-width-down/246?cb=20181021154306","Glow Berry","20"
"General Store (Tools, Survival, Crafting)","https://static.wikia.nocookie.net/dont-starve-game/images/0/02/Pigg_and_Pigglet%27s_General_Store_Build.png/revision/latest/scale-to-width-down/246?cb=20181021154306","Gears","10"
"General Store (Tools, Survival, Crafting)","https://static.wikia.nocookie.net/dont-starve-game/images/0/02/Pigg_and_Pigglet%27s_General_Store_Build.png/revision/latest/scale-to-width-down/246?cb=20181021154306","Beefalo Horn","5"
"General Store (Tools, Survival, Crafting)","https://static.wikia.nocookie.net/dont-starve-game/images/0/02/Pigg_and_Pigglet%27s_General_Store_Build.png/revision/latest/scale-to-width-down/246?cb=20181021154306","Horn","5"
"General Store (Tools, Survival, Crafting)","https://static.wikia.nocookie.net/dont-starve-game/images/0/02/Pigg_and_Pigglet%27s_General_Store_Build.png/revision/latest/scale-to-width-down/246?cb=20181021154306","Hound's Tooth","5"
"General Store (Tools, Survival, Crafting)","https://static.wikia.nocookie.net/dont-starve-game/images/0/02/Pigg_and_Pigglet%27s_General_Store_Build.png/revision/latest/scale-to-width-down/246?cb=20181021154306","Silk","5"
"General Store (Tools, Survival, Crafting)","https://static.wikia.nocookie.net/dont-starve-game/images/0/02/Pigg_and_Pigglet%27s_General_Store_Build.png/revision/latest/scale-to-width-down/246?cb=20181021154306","Volt Goat Horn","5"
"General Store (Tools, Survival, Crafting)","https://static.wikia.nocookie.net/dont-starve-game/images/0/02/Pigg_and_Pigglet%27s_General_Store_Build.png/revision/latest/scale-to-width-down/246?cb=20181021154306","Cat Tail","4"
"General Store (Tools, Survival, Crafting)","https://static.wikia.nocookie.net/dont-starve-game/images/0/02/Pigg_and_Pigglet%27s_General_Store_Build.png/revision/latest/scale-to-width-down/246?cb=20181021154306","Bamboo","3"
"Sterling Trough Deli (Cooked Meals)","https://static.wikia.nocookie.net/dont-starve-game/images/c/c6/The_Sterling_Trough_Deli_Build.png/revision/latest/scale-to-width-down/251?cb=20181021130431","Anti Venom","5"
"Sterling Trough Deli (Cooked Meals)","https://static.wikia.nocookie.net/dont-starve-game/images/c/c6/The_Sterling_Trough_Deli_Build.png/revision/latest/scale-to-width-down/251?cb=20181021130431","Honey Poultice","5"
"Sterling Trough Deli (Cooked Meals)","https://static.wikia.nocookie.net/dont-starve-game/images/c/c6/The_Sterling_Trough_Deli_Build.png/revision/latest/scale-to-width-down/251?cb=20181021130431","Healing Salve","4"
"Sterling Trough Deli (Cooked Meals)","https://static.wikia.nocookie.net/dont-starve-game/images/c/c6/The_Sterling_Trough_Deli_Build.png/revision/latest/scale-to-width-down/251?cb=20181021130431","Blue Cap","3"
"Sterling Trough Deli (Cooked Meals)","https://static.wikia.nocookie.net/dont-starve-game/images/c/c6/The_Sterling_Trough_Deli_Build.png/revision/latest/scale-to-width-down/251?cb=20181021130431","Green Cap","2"
"Sterling Trough Deli (Cooked Meals)","https://static.wikia.nocookie.net/dont-starve-game/images/c/c6/The_Sterling_Trough_Deli_Build.png/revision/latest/scale-to-width-down/251?cb=20181021130431","Coffee Beans","2"
"Sterling Trough Deli (Cooked Meals)","https://static.wikia.nocookie.net/dont-starve-game/images/c/c6/The_Sterling_Trough_Deli_Build.png/revision/latest/scale-to-width-down/251?cb=20181021130431","Miner Hat","20"
"Sterling Trough Deli (Cooked Meals)","https://static.wikia.nocookie.net/dont-starve-game/images/c/c6/The_Sterling_Trough_Deli_Build.png/revision/latest/scale-to-width-down/251?cb=20181021130431","Bug Net","20"
"Sterling Trough Deli (Cooked Meals)","https://static.wikia.nocookie.net/dont-starve-game/images/c/c6/The_Sterling_Trough_Deli_Build.png/revision/latest/scale-to-width-down/251?cb=20181021130431","Fishing Rod","10"
"Sterling Trough Deli (Cooked Meals)","https://static.wikia.nocookie.net/dont-starve-game/images/c/c6/The_Sterling_Trough_Deli_Build.png/revision/latest/scale-to-width-down/251?cb=20181021130431","Umbrella","10"
"Sterling Trough Deli (Cooked Meals)","https://static.wikia.nocookie.net/dont-starve-game/images/c/c6/The_Sterling_Trough_Deli_Build.png/revision/latest/scale-to-width-down/251?cb=20181021130431","Axe","5"
"Sterling Trough Deli (Cooked Meals)","https://static.wikia.nocookie.net/dont-starve-game/images/c/c6/The_Sterling_Trough_Deli_Build.png/revision/latest/scale-to-width-down/251?cb=20181021130431","Pickaxe","5"
"Sterling Trough Deli (Cooked Meals)","https://static.wikia.nocookie.net/dont-starve-game/images/c/c6/The_Sterling_Trough_Deli_Build.png/revision/latest/scale-to-width-down/251?cb=20181021130431","Shovel","5"
"Sterling Trough Deli (Cooked Meals)","https://static.wikia.nocookie.net/dont-starve-game/images/c/c6/The_Sterling_Trough_Deli_Build.png/revision/latest/scale-to-width-down/251?cb=20181021130431","Machete","5"
"Sterling Trough Deli (Cooked Meals)","https://static.wikia.nocookie.net/dont-starve-game/images/c/c6/The_Sterling_Trough_Deli_Build.png/revision/latest/scale-to-width-down/251?cb=20181021130431","Pitchfork","5"
"Sterling Trough Deli (Cooked Meals)","https://static.wikia.nocookie.net/dont-starve-game/images/c/c6/The_Sterling_Trough_Deli_Build.png/revision/latest/scale-to-width-down/251?cb=20181021130431","Backpack","5"
"Sterling Trough Deli (Cooked Meals)","https://static.wikia.nocookie.net/dont-starve-game/images/c/c6/The_Sterling_Trough_Deli_Build.png/revision/latest/scale-to-width-down/251?cb=20181021130431","Cloth","5"
"Sterling Trough Deli (Cooked Meals)","https://static.wikia.nocookie.net/dont-starve-game/images/c/c6/The_Sterling_Trough_Deli_Build.png/revision/latest/scale-to-width-down/251?cb=20181021130431","Razor","3"
"Sterling Trough Deli (Cooked Meals)","https://static.wikia.nocookie.net/dont-starve-game/images/c/c6/The_Sterling_Trough_Deli_Build.png/revision/latest/scale-to-width-down/251?cb=20181021130431","Flint","1"
"Sterling Trough Deli (Cooked Meals)","https://static.wikia.nocookie.net/dont-starve-game/images/c/c6/The_Sterling_Trough_Deli_Build.png/revision/latest/scale-to-width-down/251?cb=20181021130431","Firecrackers","1"
"Sterling Trough Deli (Cooked Meals)","https://static.wikia.nocookie.net/dont-starve-game/images/c/c6/The_Sterling_Trough_Deli_Build.png/revision/latest/scale-to-width-down/251?cb=20181021130431","Dragonpie","30"
"Sterling Trough Deli (Cooked Meals)","https://static.wikia.nocookie.net/dont-starve-game/images/c/c6/The_Sterling_Trough_Deli_Build.png/revision/latest/scale-to-width-down/251?cb=20181021130431","Honey Ham","20"
"Sterling Trough Deli (Cooked Meals)","https://static.wikia.nocookie.net/dont-starve-game/images/c/c6/The_Sterling_Trough_Deli_Build.png/revision/latest/scale-to-width-down/251?cb=20181021130431","Meatballs","10"
"Sterling Trough Deli (Cooked Meals)","https://static.wikia.nocookie.net/dont-starve-game/images/c/c6/The_Sterling_Trough_Deli_Build.png/revision/latest/scale-to-width-down/251?cb=20181021130431","Pierogi","10"
"Sterling Trough Deli (Cooked Meals)","https://static.wikia.nocookie.net/dont-starve-game/images/c/c6/The_Sterling_Trough_Deli_Build.png/revision/latest/scale-to-width-down/251?cb=20181021130431","Turkey Dinner","10"
"Sterling Trough Deli (Cooked Meals)","https://static.wikia.nocookie.net/dont-starve-game/images/c/c6/The_Sterling_Trough_Deli_Build.png/revision/latest/scale-to-width-down/251?cb=20181021130431","Waffles","10"
"Sterling Trough Deli (Cooked Meals)","https://static.wikia.nocookie.net/dont-starve-game/images/c/c6/The_Sterling_Trough_Deli_Build.png/revision/latest/scale-to-width-down/251?cb=20181021130431","Froggle Bunwich","5"
"Sterling Trough Deli (Cooked Meals)","https://static.wikia.nocookie.net/dont-starve-game/images/c/c6/The_Sterling_Trough_Deli_Build.png/revision/latest/scale-to-width-down/251?cb=20181021130431","Honey Nuggets","5"
"Sterling Trough Deli (Cooked Meals)","https://static.wikia.nocookie.net/dont-starve-game/images/c/c6/The_Sterling_Trough_Deli_Build.png/revision/latest/scale-to-width-down/251?cb=20181021130431","Stuffed Eggplant","4"
"Sterling Trough Deli (Cooked Meals)","https://static.wikia.nocookie.net/dont-starve-game/images/c/c6/The_Sterling_Trough_Deli_Build.png/revision/latest/scale-to-width-down/251?cb=20181021130431","Pumpkin Cookies","3"
"Sterling Trough Deli (Cooked Meals)","https://static.wikia.nocookie.net/dont-starve-game/images/c/c6/The_Sterling_Trough_Deli_Build.png/revision/latest/scale-to-width-down/251?cb=20181021130431","Ratatouille","3"
"Sterling Trough Deli (Cooked Meals)","https://static.wikia.nocookie.net/dont-starve-game/images/c/c6/The_Sterling_Trough_Deli_Build.png/revision/latest/scale-to-width-down/251?cb=20181021130431","Monster Lasagna","2"
"Sterling Trough Deli (Cooked Meals)","https://static.wikia.nocookie.net/dont-starve-game/images/c/c6/The_Sterling_Trough_Deli_Build.png/revision/latest/scale-to-width-down/251?cb=20181021130431","Meat","5"
"Sterling Trough Deli (Cooked Meals)","https://static.wikia.nocookie.net/dont-starve-game/images/c/c6/The_Sterling_Trough_Deli_Build.png/revision/latest/scale-to-width-down/251?cb=20181021130431","Coconut","3"
"Sterling Trough Deli (Cooked Meals)","https://static.wikia.nocookie.net/dont-starve-game/images/c/c6/The_Sterling_Trough_Deli_Build.png/revision/latest/scale-to-width-down/251?cb=20181021130431","Pumpkin","3"
"Sterling Trough Deli (Cooked Meals)","https://static.wikia.nocookie.net/dont-starve-game/images/c/c6/The_Sterling_Trough_Deli_Build.png/revision/latest/scale-to-width-down/251?cb=20181021130431","Frog Legs","2"
"Sterling Trough Deli (Cooked Meals)","https://static.wikia.nocookie.net/dont-starve-game/images/c/c6/The_Sterling_Trough_Deli_Build.png/revision/latest/scale-to-width-down/251?cb=20181021130431","Drumstick","2"
"Sterling Trough Deli (Cooked Meals)","https://static.wikia.nocookie.net/dont-starve-game/images/c/c6/The_Sterling_Trough_Deli_Build.png/revision/latest/scale-to-width-down/251?cb=20181021130431","Eggplant","2"
"Sterling Trough Deli (Cooked Meals)","https://static.wikia.nocookie.net/dont-starve-game/images/c/c6/The_Sterling_Trough_Deli_Build.png/revision/latest/scale-to-width-down/251?cb=20181021130431","Corn","2"
"Sterling Trough Deli (Cooked Meals)","https://static.wikia.nocookie.net/dont-starve-game/images/c/c6/The_Sterling_Trough_Deli_Build.png/revision/latest/scale-to-width-down/251?cb=20181021130431","Berries","1"
"Sterling Trough Deli (Cooked Meals)","https://static.wikia.nocookie.net/dont-starve-game/images/c/c6/The_Sterling_Trough_Deli_Build.png/revision/latest/scale-to-width-down/251?cb=20181021130431","Ice","1"
"Sterling Trough Deli (Cooked Meals)","https://static.wikia.nocookie.net/dont-starve-game/images/c/c6/The_Sterling_Trough_Deli_Build.png/revision/latest/scale-to-width-down/251?cb=20181021130431","Watermelon","1"
"Sterling Trough Deli (Cooked Meals)","https://static.wikia.nocookie.net/dont-starve-game/images/c/c6/The_Sterling_Trough_Deli_Build.png/revision/latest/scale-to-width-down/251?cb=20181021130431","Sweet Potato","1"
"Sterling Trough Deli (Cooked Meals)","https://static.wikia.nocookie.net/dont-starve-game/images/c/c6/The_Sterling_Trough_Deli_Build.png/revision/latest/scale-to-width-down/251?cb=20181021130431","Carrot","1"
"Sterling Trough Deli (Cooked Meals)","https://static.wikia.nocookie.net/dont-starve-game/images/c/c6/The_Sterling_Trough_Deli_Build.png/revision/latest/scale-to-width-down/251?cb=20181021130431","Pomegranate","1"
"Sterling Trough Deli (Cooked Meals)","https://static.wikia.nocookie.net/dont-starve-game/images/c/c6/The_Sterling_Trough_Deli_Build.png/revision/latest/scale-to-width-down/251?cb=20181021130431","Banana","1"
"Sterling Trough Deli (Cooked Meals)","https://static.wikia.nocookie.net/dont-starve-game/images/c/c6/The_Sterling_Trough_Deli_Build.png/revision/latest/scale-to-width-down/251?cb=20181021130431","Dragon Fruit Seeds","10"
"Sterling Trough Deli (Cooked Meals)","https://static.wikia.nocookie.net/dont-starve-game/images/c/c6/The_Sterling_Trough_Deli_Build.png/revision/latest/scale-to-width-down/251?cb=20181021130431","Garland","2"
"Sterling Trough Deli (Cooked Meals)","https://static.wikia.nocookie.net/dont-starve-game/images/c/c6/The_Sterling_Trough_Deli_Build.png/revision/latest/scale-to-width-down/251?cb=20181021130431","Berry Bush","2"
"Sterling Trough Deli (Cooked Meals)","https://static.wikia.nocookie.net/dont-starve-game/images/c/c6/The_Sterling_Trough_Deli_Build.png/revision/latest/scale-to-width-down/251?cb=20181021130431","Pumpkin Seeds","1"
"Sterling Trough Deli (Cooked Meals)","https://static.wikia.nocookie.net/dont-starve-game/images/c/c6/The_Sterling_Trough_Deli_Build.png/revision/latest/scale-to-width-down/251?cb=20181021130431","Pomegranate Seeds","1"
"Sterling Trough Deli (Cooked Meals)","https://static.wikia.nocookie.net/dont-starve-game/images/c/c6/The_Sterling_Trough_Deli_Build.png/revision/latest/scale-to-width-down/251?cb=20181021130431","Eggplant Seeds","1"
"Sterling Trough Deli (Cooked Meals)","https://static.wikia.nocookie.net/dont-starve-game/images/c/c6/The_Sterling_Trough_Deli_Build.png/revision/latest/scale-to-width-down/251?cb=20181021130431","Durian Seeds","1"
"Sterling Trough Deli (Cooked Meals)","https://static.wikia.nocookie.net/dont-starve-game/images/c/c6/The_Sterling_Trough_Deli_Build.png/revision/latest/scale-to-width-down/251?cb=20181021130431","Corn Seeds","1"
"Sterling Trough Deli (Cooked Meals)","https://static.wikia.nocookie.net/dont-starve-game/images/c/c6/The_Sterling_Trough_Deli_Build.png/revision/latest/scale-to-width-down/251?cb=20181021130431","Watermelon Seeds","1"
"Sterling Trough Deli (Cooked Meals)","https://static.wikia.nocookie.net/dont-starve-game/images/c/c6/The_Sterling_Trough_Deli_Build.png/revision/latest/scale-to-width-down/251?cb=20181021130431","Birchnut","1"
"Sterling Trough Deli (Cooked Meals)","https://static.wikia.nocookie.net/dont-starve-game/images/c/c6/The_Sterling_Trough_Deli_Build.png/revision/latest/scale-to-width-down/251?cb=20181021130431","Pine Cone","1"
"Sterling Trough Deli (Cooked Meals)","https://static.wikia.nocookie.net/dont-starve-game/images/c/c6/The_Sterling_Trough_Deli_Build.png/revision/latest/scale-to-width-down/251?cb=20181021130431","Deerclops Eyeball","50"
"Sterling Trough Deli (Cooked Meals)","https://static.wikia.nocookie.net/dont-starve-game/images/c/c6/The_Sterling_Trough_Deli_Build.png/revision/latest/scale-to-width-down/251?cb=20181021130431","Mandrake","50"
"Sterling Trough Deli (Cooked Meals)","https://static.wikia.nocookie.net/dont-starve-game/images/c/c6/The_Sterling_Trough_Deli_Build.png/revision/latest/scale-to-width-down/251?cb=20181021130431","Walrus Tusk","50"
"Sterling Trough Deli (Cooked Meals)","https://static.wikia.nocookie.net/dont-starve-game/images/c/c6/The_Sterling_Trough_Deli_Build.png/revision/latest/scale-to-width-down/251?cb=20181021130431","Down Feather","40"
"Sterling Trough Deli (Cooked Meals)","https://static.wikia.nocookie.net/dont-starve-game/images/c/c6/The_Sterling_Trough_Deli_Build.png/revision/latest/scale-to-width-down/251?cb=20181021130431","Thick Fur","40"
"Sterling Trough Deli (Cooked Meals)","https://static.wikia.nocookie.net/dont-starve-game/images/c/c6/The_Sterling_Trough_Deli_Build.png/revision/latest/scale-to-width-down/251?cb=20181021130431","Scales","30"
"Sterling Trough Deli (Cooked Meals)","https://static.wikia.nocookie.net/dont-starve-game/images/c/c6/The_Sterling_Trough_Deli_Build.png/revision/latest/scale-to-width-down/251?cb=20181021130431","Glow Berry","20"
"Sterling Trough Deli (Cooked Meals)","https://static.wikia.nocookie.net/dont-starve-game/images/c/c6/The_Sterling_Trough_Deli_Build.png/revision/latest/scale-to-width-down/251?cb=20181021130431","Gears","10"
"Sterling Trough Deli (Cooked Meals)","https://static.wikia.nocookie.net/dont-starve-game/images/c/c6/The_Sterling_Trough_Deli_Build.png/revision/latest/scale-to-width-down/251?cb=20181021130431","Beefalo Horn","5"
"Sterling Trough Deli (Cooked Meals)","https://static.wikia.nocookie.net/dont-starve-game/images/c/c6/The_Sterling_Trough_Deli_Build.png/revision/latest/scale-to-width-down/251?cb=20181021130431","Horn","5"
"Sterling Trough Deli (Cooked Meals)","https://static.wikia.nocookie.net/dont-starve-game/images/c/c6/The_Sterling_Trough_Deli_Build.png/revision/latest/scale-to-width-down/251?cb=20181021130431","Hound's Tooth","5"
"Sterling Trough Deli (Cooked Meals)","https://static.wikia.nocookie.net/dont-starve-game/images/c/c6/The_Sterling_Trough_Deli_Build.png/revision/latest/scale-to-width-down/251?cb=20181021130431","Silk","5"
"Sterling Trough Deli (Cooked Meals)","https://static.wikia.nocookie.net/dont-starve-game/images/c/c6/The_Sterling_Trough_Deli_Build.png/revision/latest/scale-to-width-down/251?cb=20181021130431","Volt Goat Horn","5"
"Sterling Trough Deli (Cooked Meals)","https://static.wikia.nocookie.net/dont-starve-game/images/c/c6/The_Sterling_Trough_Deli_Build.png/revision/latest/scale-to-width-down/251?cb=20181021130431","Cat Tail","4"
"Sterling Trough Deli (Cooked Meals)","https://static.wikia.nocookie.net/dont-starve-game/images/c/c6/The_Sterling_Trough_Deli_Build.png/revision/latest/scale-to-width-down/251?cb=20181021130431","Bamboo","3"
"Fine Grocer (Raw Food)","https://static.wikia.nocookie.net/dont-starve-game/images/e/ec/Swinesbury_Fine_Grocer%27s_Build.png/revision/latest/scale-to-width-down/312?cb=20181025182519","Anti Venom","5"
"Fine Grocer (Raw Food)","https://static.wikia.nocookie.net/dont-starve-game/images/e/ec/Swinesbury_Fine_Grocer%27s_Build.png/revision/latest/scale-to-width-down/312?cb=20181025182519","Honey Poultice","5"
"Fine Grocer (Raw Food)","https://static.wikia.nocookie.net/dont-starve-game/images/e/ec/Swinesbury_Fine_Grocer%27s_Build.png/revision/latest/scale-to-width-down/312?cb=20181025182519","Healing Salve","4"
"Fine Grocer (Raw Food)","https://static.wikia.nocookie.net/dont-starve-game/images/e/ec/Swinesbury_Fine_Grocer%27s_Build.png/revision/latest/scale-to-width-down/312?cb=20181025182519","Blue Cap","3"
"Fine Grocer (Raw Food)","https://static.wikia.nocookie.net/dont-starve-game/images/e/ec/Swinesbury_Fine_Grocer%27s_Build.png/revision/latest/scale-to-width-down/312?cb=20181025182519","Green Cap","2"
"Fine Grocer (Raw Food)","https://static.wikia.nocookie.net/dont-starve-game/images/e/ec/Swinesbury_Fine_Grocer%27s_Build.png/revision/latest/scale-to-width-down/312?cb=20181025182519","Coffee Beans","2"
"Fine Grocer (Raw Food)","https://static.wikia.nocookie.net/dont-starve-game/images/e/ec/Swinesbury_Fine_Grocer%27s_Build.png/revision/latest/scale-to-width-down/312?cb=20181025182519","Miner Hat","20"
"Fine Grocer (Raw Food)","https://static.wikia.nocookie.net/dont-starve-game/images/e/ec/Swinesbury_Fine_Grocer%27s_Build.png/revision/latest/scale-to-width-down/312?cb=20181025182519","Bug Net","20"
"Fine Grocer (Raw Food)","https://static.wikia.nocookie.net/dont-starve-game/images/e/ec/Swinesbury_Fine_Grocer%27s_Build.png/revision/latest/scale-to-width-down/312?cb=20181025182519","Fishing Rod","10"
"Fine Grocer (Raw Food)","https://static.wikia.nocookie.net/dont-starve-game/images/e/ec/Swinesbury_Fine_Grocer%27s_Build.png/revision/latest/scale-to-width-down/312?cb=20181025182519","Umbrella","10"
"Fine Grocer (Raw Food)","https://static.wikia.nocookie.net/dont-starve-game/images/e/ec/Swinesbury_Fine_Grocer%27s_Build.png/revision/latest/scale-to-width-down/312?cb=20181025182519","Axe","5"
"Fine Grocer (Raw Food)","https://static.wikia.nocookie.net/dont-starve-game/images/e/ec/Swinesbury_Fine_Grocer%27s_Build.png/revision/latest/scale-to-width-down/312?cb=20181025182519","Pickaxe","5"
"Fine Grocer (Raw Food)","https://static.wikia.nocookie.net/dont-starve-game/images/e/ec/Swinesbury_Fine_Grocer%27s_Build.png/revision/latest/scale-to-width-down/312?cb=20181025182519","Shovel","5"
"Fine Grocer (Raw Food)","https://static.wikia.nocookie.net/dont-starve-game/images/e/ec/Swinesbury_Fine_Grocer%27s_Build.png/revision/latest/scale-to-width-down/312?cb=20181025182519","Machete","5"
"Fine Grocer (Raw Food)","https://static.wikia.nocookie.net/dont-starve-game/images/e/ec/Swinesbury_Fine_Grocer%27s_Build.png/revision/latest/scale-to-width-down/312?cb=20181025182519","Pitchfork","5"
"Fine Grocer (Raw Food)","https://static.wikia.nocookie.net/dont-starve-game/images/e/ec/Swinesbury_Fine_Grocer%27s_Build.png/revision/latest/scale-to-width-down/312?cb=20181025182519","Backpack","5"
"Fine Grocer (Raw Food)","https://static.wikia.nocookie.net/dont-starve-game/images/e/ec/Swinesbury_Fine_Grocer%27s_Build.png/revision/latest/scale-to-width-down/312?cb=20181025182519","Cloth","5"
"Fine Grocer (Raw Food)","https://static.wikia.nocookie.net/dont-starve-game/images/e/ec/Swinesbury_Fine_Grocer%27s_Build.png/revision/latest/scale-to-width-down/312?cb=20181025182519","Razor","3"
"Fine Grocer (Raw Food)","https://static.wikia.nocookie.net/dont-starve-game/images/e/ec/Swinesbury_Fine_Grocer%27s_Build.png/revision/latest/scale-to-width-down/312?cb=20181025182519","Flint","1"
"Fine Grocer (Raw Food)","https://static.wikia.nocookie.net/dont-starve-game/images/e/ec/Swinesbury_Fine_Grocer%27s_Build.png/revision/latest/scale-to-width-down/312?cb=20181025182519","Firecrackers","1"
"Fine Grocer (Raw Food)","https://static.wikia.nocookie.net/dont-starve-game/images/e/ec/Swinesbury_Fine_Grocer%27s_Build.png/revision/latest/scale-to-width-down/312?cb=20181025182519","Dragonpie","30"
"Fine Grocer (Raw Food)","https://static.wikia.nocookie.net/dont-starve-game/images/e/ec/Swinesbury_Fine_Grocer%27s_Build.png/revision/latest/scale-to-width-down/312?cb=20181025182519","Honey Ham","20"
"Fine Grocer (Raw Food)","https://static.wikia.nocookie.net/dont-starve-game/images/e/ec/Swinesbury_Fine_Grocer%27s_Build.png/revision/latest/scale-to-width-down/312?cb=20181025182519","Meatballs","10"
"Fine Grocer (Raw Food)","https://static.wikia.nocookie.net/dont-starve-game/images/e/ec/Swinesbury_Fine_Grocer%27s_Build.png/revision/latest/scale-to-width-down/312?cb=20181025182519","Pierogi","10"
"Fine Grocer (Raw Food)","https://static.wikia.nocookie.net/dont-starve-game/images/e/ec/Swinesbury_Fine_Grocer%27s_Build.png/revision/latest/scale-to-width-down/312?cb=20181025182519","Turkey Dinner","10"
"Fine Grocer (Raw Food)","https://static.wikia.nocookie.net/dont-starve-game/images/e/ec/Swinesbury_Fine_Grocer%27s_Build.png/revision/latest/scale-to-width-down/312?cb=20181025182519","Waffles","10"
"Fine Grocer (Raw Food)","https://static.wikia.nocookie.net/dont-starve-game/images/e/ec/Swinesbury_Fine_Grocer%27s_Build.png/revision/latest/scale-to-width-down/312?cb=20181025182519","Froggle Bunwich","5"
"Fine Grocer (Raw Food)","https://static.wikia.nocookie.net/dont-starve-game/images/e/ec/Swinesbury_Fine_Grocer%27s_Build.png/revision/latest/scale-to-width-down/312?cb=20181025182519","Honey Nuggets","5"
"Fine Grocer (Raw Food)","https://static.wikia.nocookie.net/dont-starve-game/images/e/ec/Swinesbury_Fine_Grocer%27s_Build.png/revision/latest/scale-to-width-down/312?cb=20181025182519","Stuffed Eggplant","4"
"Fine Grocer (Raw Food)","https://static.wikia.nocookie.net/dont-starve-game/images/e/ec/Swinesbury_Fine_Grocer%27s_Build.png/revision/latest/scale-to-width-down/312?cb=20181025182519","Pumpkin Cookies","3"
"Fine Grocer (Raw Food)","https://static.wikia.nocookie.net/dont-starve-game/images/e/ec/Swinesbury_Fine_Grocer%27s_Build.png/revision/latest/scale-to-width-down/312?cb=20181025182519","Ratatouille","3"
"Fine Grocer (Raw Food)","https://static.wikia.nocookie.net/dont-starve-game/images/e/ec/Swinesbury_Fine_Grocer%27s_Build.png/revision/latest/scale-to-width-down/312?cb=20181025182519","Monster Lasagna","2"
"Fine Grocer (Raw Food)","https://static.wikia.nocookie.net/dont-starve-game/images/e/ec/Swinesbury_Fine_Grocer%27s_Build.png/revision/latest/scale-to-width-down/312?cb=20181025182519","Meat","5"
"Fine Grocer (Raw Food)","https://static.wikia.nocookie.net/dont-starve-game/images/e/ec/Swinesbury_Fine_Grocer%27s_Build.png/revision/latest/scale-to-width-down/312?cb=20181025182519","Coconut","3"
"Fine Grocer (Raw Food)","https://static.wikia.nocookie.net/dont-starve-game/images/e/ec/Swinesbury_Fine_Grocer%27s_Build.png/revision/latest/scale-to-width-down/312?cb=20181025182519","Pumpkin","3"
"Fine Grocer (Raw Food)","https://static.wikia.nocookie.net/dont-starve-game/images/e/ec/Swinesbury_Fine_Grocer%27s_Build.png/revision/latest/scale-to-width-down/312?cb=20181025182519","Frog Legs","2"
"Fine Grocer (Raw Food)","https://static.wikia.nocookie.net/dont-starve-game/images/e/ec/Swinesbury_Fine_Grocer%27s_Build.png/revision/latest/scale-to-width-down/312?cb=20181025182519","Drumstick","2"
"Fine Grocer (Raw Food)","https://static.wikia.nocookie.net/dont-starve-game/images/e/ec/Swinesbury_Fine_Grocer%27s_Build.png/revision/latest/scale-to-width-down/312?cb=20181025182519","Eggplant","2"
"Fine Grocer (Raw Food)","https://static.wikia.nocookie.net/dont-starve-game/images/e/ec/Swinesbury_Fine_Grocer%27s_Build.png/revision/latest/scale-to-width-down/312?cb=20181025182519","Corn","2"
"Fine Grocer (Raw Food)","https://static.wikia.nocookie.net/dont-starve-game/images/e/ec/Swinesbury_Fine_Grocer%27s_Build.png/revision/latest/scale-to-width-down/312?cb=20181025182519","Berries","1"
"Fine Grocer (Raw Food)","https://static.wikia.nocookie.net/dont-starve-game/images/e/ec/Swinesbury_Fine_Grocer%27s_Build.png/revision/latest/scale-to-width-down/312?cb=20181025182519","Ice","1"
"Fine Grocer (Raw Food)","https://static.wikia.nocookie.net/dont-starve-game/images/e/ec/Swinesbury_Fine_Grocer%27s_Build.png/revision/latest/scale-to-width-down/312?cb=20181025182519","Watermelon","1"
"Fine Grocer (Raw Food)","https://static.wikia.nocookie.net/dont-starve-game/images/e/ec/Swinesbury_Fine_Grocer%27s_Build.png/revision/latest/scale-to-width-down/312?cb=20181025182519","Sweet Potato","1"
"Fine Grocer (Raw Food)","https://static.wikia.nocookie.net/dont-starve-game/images/e/ec/Swinesbury_Fine_Grocer%27s_Build.png/revision/latest/scale-to-width-down/312?cb=20181025182519","Carrot","1"
"Fine Grocer (Raw Food)","https://static.wikia.nocookie.net/dont-starve-game/images/e/ec/Swinesbury_Fine_Grocer%27s_Build.png/revision/latest/scale-to-width-down/312?cb=20181025182519","Pomegranate","1"
"Fine Grocer (Raw Food)","https://static.wikia.nocookie.net/dont-starve-game/images/e/ec/Swinesbury_Fine_Grocer%27s_Build.png/revision/latest/scale-to-width-down/312?cb=20181025182519","Banana","1"
"Fine Grocer (Raw Food)","https://static.wikia.nocookie.net/dont-starve-game/images/e/ec/Swinesbury_Fine_Grocer%27s_Build.png/revision/latest/scale-to-width-down/312?cb=20181025182519","Dragon Fruit Seeds","10"
"Fine Grocer (Raw Food)","https://static.wikia.nocookie.net/dont-starve-game/images/e/ec/Swinesbury_Fine_Grocer%27s_Build.png/revision/latest/scale-to-width-down/312?cb=20181025182519","Garland","2"
"Fine Grocer (Raw Food)","https://static.wikia.nocookie.net/dont-starve-game/images/e/ec/Swinesbury_Fine_Grocer%27s_Build.png/revision/latest/scale-to-width-down/312?cb=20181025182519","Berry Bush","2"
"Fine Grocer (Raw Food)","https://static.wikia.nocookie.net/dont-starve-game/images/e/ec/Swinesbury_Fine_Grocer%27s_Build.png/revision/latest/scale-to-width-down/312?cb=20181025182519","Pumpkin Seeds","1"
"Fine Grocer (Raw Food)","https://static.wikia.nocookie.net/dont-starve-game/images/e/ec/Swinesbury_Fine_Grocer%27s_Build.png/revision/latest/scale-to-width-down/312?cb=20181025182519","Pomegranate Seeds","1"
"Fine Grocer (Raw Food)","https://static.wikia.nocookie.net/dont-starve-game/images/e/ec/Swinesbury_Fine_Grocer%27s_Build.png/revision/latest/scale-to-width-down/312?cb=20181025182519","Eggplant Seeds","1"
"Fine Grocer (Raw Food)","https://static.wikia.nocookie.net/dont-starve-game/images/e/ec/Swinesbury_Fine_Grocer%27s_Build.png/revision/latest/scale-to-width-down/312?cb=20181025182519","Durian Seeds","1"
"Fine Grocer (Raw Food)","https://static.wikia.nocookie.net/dont-starve-game/images/e/ec/Swinesbury_Fine_Grocer%27s_Build.png/revision/latest/scale-to-width-down/312?cb=20181025182519","Corn Seeds","1"
"Fine Grocer (Raw Food)","https://static.wikia.nocookie.net/dont-starve-game/images/e/ec/Swinesbury_Fine_Grocer%27s_Build.png/revision/latest/scale-to-width-down/312?cb=20181025182519","Watermelon Seeds","1"
"Fine Grocer (Raw Food)","https://static.wikia.nocookie.net/dont-starve-game/images/e/ec/Swinesbury_Fine_Grocer%27s_Build.png/revision/latest/scale-to-width-down/312?cb=20181025182519","Birchnut","1"
"Fine Grocer (Raw Food)","https://static.wikia.nocookie.net/dont-starve-game/images/e/ec/Swinesbury_Fine_Grocer%27s_Build.png/revision/latest/scale-to-width-down/312?cb=20181025182519","Pine Cone","1"
"Fine Grocer (Raw Food)","https://static.wikia.nocookie.net/dont-starve-game/images/e/ec/Swinesbury_Fine_Grocer%27s_Build.png/revision/latest/scale-to-width-down/312?cb=20181025182519","Deerclops Eyeball","50"
"Fine Grocer (Raw Food)","https://static.wikia.nocookie.net/dont-starve-game/images/e/ec/Swinesbury_Fine_Grocer%27s_Build.png/revision/latest/scale-to-width-down/312?cb=20181025182519","Mandrake","50"
"Fine Grocer (Raw Food)","https://static.wikia.nocookie.net/dont-starve-game/images/e/ec/Swinesbury_Fine_Grocer%27s_Build.png/revision/latest/scale-to-width-down/312?cb=20181025182519","Walrus Tusk","50"
"Fine Grocer (Raw Food)","https://static.wikia.nocookie.net/dont-starve-game/images/e/ec/Swinesbury_Fine_Grocer%27s_Build.png/revision/latest/scale-to-width-down/312?cb=20181025182519","Down Feather","40"
"Fine Grocer (Raw Food)","https://static.wikia.nocookie.net/dont-starve-game/images/e/ec/Swinesbury_Fine_Grocer%27s_Build.png/revision/latest/scale-to-width-down/312?cb=20181025182519","Thick Fur","40"
"Fine Grocer (Raw Food)","https://static.wikia.nocookie.net/dont-starve-game/images/e/ec/Swinesbury_Fine_Grocer%27s_Build.png/revision/latest/scale-to-width-down/312?cb=20181025182519","Scales","30"
"Fine Grocer (Raw Food)","https://static.wikia.nocookie.net/dont-starve-game/images/e/ec/Swinesbury_Fine_Grocer%27s_Build.png/revision/latest/scale-to-width-down/312?cb=20181025182519","Glow Berry","20"
"Fine Grocer (Raw Food)","https://static.wikia.nocookie.net/dont-starve-game/images/e/ec/Swinesbury_Fine_Grocer%27s_Build.png/revision/latest/scale-to-width-down/312?cb=20181025182519","Gears","10"
"Fine Grocer (Raw Food)","https://static.wikia.nocookie.net/dont-starve-game/images/e/ec/Swinesbury_Fine_Grocer%27s_Build.png/revision/latest/scale-to-width-down/312?cb=20181025182519","Beefalo Horn","5"
"Fine Grocer (Raw Food)","https://static.wikia.nocookie.net/dont-starve-game/images/e/ec/Swinesbury_Fine_Grocer%27s_Build.png/revision/latest/scale-to-width-down/312?cb=20181025182519","Horn","5"
"Fine Grocer (Raw Food)","https://static.wikia.nocookie.net/dont-starve-game/images/e/ec/Swinesbury_Fine_Grocer%27s_Build.png/revision/latest/scale-to-width-down/312?cb=20181025182519","Hound's Tooth","5"
"Fine Grocer (Raw Food)","https://static.wikia.nocookie.net/dont-starve-game/images/e/ec/Swinesbury_Fine_Grocer%27s_Build.png/revision/latest/scale-to-width-down/312?cb=20181025182519","Silk","5"
"Fine Grocer (Raw Food)","https://static.wikia.nocookie.net/dont-starve-game/images/e/ec/Swinesbury_Fine_Grocer%27s_Build.png/revision/latest/scale-to-width-down/312?cb=20181025182519","Volt Goat Horn","5"
"Fine Grocer (Raw Food)","https://static.wikia.nocookie.net/dont-starve-game/images/e/ec/Swinesbury_Fine_Grocer%27s_Build.png/revision/latest/scale-to-width-down/312?cb=20181025182519","Cat Tail","4"
"Fine Grocer (Raw Food)","https://static.wikia.nocookie.net/dont-starve-game/images/e/ec/Swinesbury_Fine_Grocer%27s_Build.png/revision/latest/scale-to-width-down/312?cb=20181025182519","Bamboo","3"
"Floral Arrangements (Farming)","https://static.wikia.nocookie.net/dont-starve-game/images/3/36/Miss_Sow%27s_Floral_Arrangements_Build.png/revision/latest/scale-to-width-down/231?cb=20181021122939","Anti Venom","5"
"Floral Arrangements (Farming)","https://static.wikia.nocookie.net/dont-starve-game/images/3/36/Miss_Sow%27s_Floral_Arrangements_Build.png/revision/latest/scale-to-width-down/231?cb=20181021122939","Honey Poultice","5"
"Floral Arrangements (Farming)","https://static.wikia.nocookie.net/dont-starve-game/images/3/36/Miss_Sow%27s_Floral_Arrangements_Build.png/revision/latest/scale-to-width-down/231?cb=20181021122939","Healing Salve","4"
"Floral Arrangements (Farming)","https://static.wikia.nocookie.net/dont-starve-game/images/3/36/Miss_Sow%27s_Floral_Arrangements_Build.png/revision/latest/scale-to-width-down/231?cb=20181021122939","Blue Cap","3"
"Floral Arrangements (Farming)","https://static.wikia.nocookie.net/dont-starve-game/images/3/36/Miss_Sow%27s_Floral_Arrangements_Build.png/revision/latest/scale-to-width-down/231?cb=20181021122939","Green Cap","2"
"Floral Arrangements (Farming)","https://static.wikia.nocookie.net/dont-starve-game/images/3/36/Miss_Sow%27s_Floral_Arrangements_Build.png/revision/latest/scale-to-width-down/231?cb=20181021122939","Coffee Beans","2"
"Floral Arrangements (Farming)","https://static.wikia.nocookie.net/dont-starve-game/images/3/36/Miss_Sow%27s_Floral_Arrangements_Build.png/revision/latest/scale-to-width-down/231?cb=20181021122939","Miner Hat","20"
"Floral Arrangements (Farming)","https://static.wikia.nocookie.net/dont-starve-game/images/3/36/Miss_Sow%27s_Floral_Arrangements_Build.png/revision/latest/scale-to-width-down/231?cb=20181021122939","Bug Net","20"
"Floral Arrangements (Farming)","https://static.wikia.nocookie.net/dont-starve-game/images/3/36/Miss_Sow%27s_Floral_Arrangements_Build.png/revision/latest/scale-to-width-down/231?cb=20181021122939","Fishing Rod","10"
"Floral Arrangements (Farming)","https://static.wikia.nocookie.net/dont-starve-game/images/3/36/Miss_Sow%27s_Floral_Arrangements_Build.png/revision/latest/scale-to-width-down/231?cb=20181021122939","Umbrella","10"
"Floral Arrangements (Farming)","https://static.wikia.nocookie.net/dont-starve-game/images/3/36/Miss_Sow%27s_Floral_Arrangements_Build.png/revision/latest/scale-to-width-down/231?cb=20181021122939","Axe","5"
"Floral Arrangements (Farming)","https://static.wikia.nocookie.net/dont-starve-game/images/3/36/Miss_Sow%27s_Floral_Arrangements_Build.png/revision/latest/scale-to-width-down/231?cb=20181021122939","Pickaxe","5"
"Floral Arrangements (Farming)","https://static.wikia.nocookie.net/dont-starve-game/images/3/36/Miss_Sow%27s_Floral_Arrangements_Build.png/revision/latest/scale-to-width-down/231?cb=20181021122939","Shovel","5"
"Floral Arrangements (Farming)","https://static.wikia.nocookie.net/dont-starve-game/images/3/36/Miss_Sow%27s_Floral_Arrangements_Build.png/revision/latest/scale-to-width-down/231?cb=20181021122939","Machete","5"
"Floral Arrangements (Farming)","https://static.wikia.nocookie.net/dont-starve-game/images/3/36/Miss_Sow%27s_Floral_Arrangements_Build.png/revision/latest/scale-to-width-down/231?cb=20181021122939","Pitchfork","5"
"Floral Arrangements (Farming)","https://static.wikia.nocookie.net/dont-starve-game/images/3/36/Miss_Sow%27s_Floral_Arrangements_Build.png/revision/latest/scale-to-width-down/231?cb=20181021122939","Backpack","5"
"Floral Arrangements (Farming)","https://static.wikia.nocookie.net/dont-starve-game/images/3/36/Miss_Sow%27s_Floral_Arrangements_Build.png/revision/latest/scale-to-width-down/231?cb=20181021122939","Cloth","5"
"Floral Arrangements (Farming)","https://static.wikia.nocookie.net/dont-starve-game/images/3/36/Miss_Sow%27s_Floral_Arrangements_Build.png/revision/latest/scale-to-width-down/231?cb=20181021122939","Razor","3"
"Floral Arrangements (Farming)","https://static.wikia.nocookie.net/dont-starve-game/images/3/36/Miss_Sow%27s_Floral_Arrangements_Build.png/revision/latest/scale-to-width-down/231?cb=20181021122939","Flint","1"
"Floral Arrangements (Farming)","https://static.wikia.nocookie.net/dont-starve-game/images/3/36/Miss_Sow%27s_Floral_Arrangements_Build.png/revision/latest/scale-to-width-down/231?cb=20181021122939","Firecrackers","1"
"Floral Arrangements (Farming)","https://static.wikia.nocookie.net/dont-starve-game/images/3/36/Miss_Sow%27s_Floral_Arrangements_Build.png/revision/latest/scale-to-width-down/231?cb=20181021122939","Dragonpie","30"
"Floral Arrangements (Farming)","https://static.wikia.nocookie.net/dont-starve-game/images/3/36/Miss_Sow%27s_Floral_Arrangements_Build.png/revision/latest/scale-to-width-down/231?cb=20181021122939","Honey Ham","20"
"Floral Arrangements (Farming)","https://static.wikia.nocookie.net/dont-starve-game/images/3/36/Miss_Sow%27s_Floral_Arrangements_Build.png/revision/latest/scale-to-width-down/231?cb=20181021122939","Meatballs","10"
"Floral Arrangements (Farming)","https://static.wikia.nocookie.net/dont-starve-game/images/3/36/Miss_Sow%27s_Floral_Arrangements_Build.png/revision/latest/scale-to-width-down/231?cb=20181021122939","Pierogi","10"
"Floral Arrangements (Farming)","https://static.wikia.nocookie.net/dont-starve-game/images/3/36/Miss_Sow%27s_Floral_Arrangements_Build.png/revision/latest/scale-to-width-down/231?cb=20181021122939","Turkey Dinner","10"
"Floral Arrangements (Farming)","https://static.wikia.nocookie.net/dont-starve-game/images/3/36/Miss_Sow%27s_Floral_Arrangements_Build.png/revision/latest/scale-to-width-down/231?cb=20181021122939","Waffles","10"
"Floral Arrangements (Farming)","https://static.wikia.nocookie.net/dont-starve-game/images/3/36/Miss_Sow%27s_Floral_Arrangements_Build.png/revision/latest/scale-to-width-down/231?cb=20181021122939","Froggle Bunwich","5"
"Floral Arrangements (Farming)","https://static.wikia.nocookie.net/dont-starve-game/images/3/36/Miss_Sow%27s_Floral_Arrangements_Build.png/revision/latest/scale-to-width-down/231?cb=20181021122939","Honey Nuggets","5"
"Floral Arrangements (Farming)","https://static.wikia.nocookie.net/dont-starve-game/images/3/36/Miss_Sow%27s_Floral_Arrangements_Build.png/revision/latest/scale-to-width-down/231?cb=20181021122939","Stuffed Eggplant","4"
"Floral Arrangements (Farming)","https://static.wikia.nocookie.net/dont-starve-game/images/3/36/Miss_Sow%27s_Floral_Arrangements_Build.png/revision/latest/scale-to-width-down/231?cb=20181021122939","Pumpkin Cookies","3"
"Floral Arrangements (Farming)","https://static.wikia.nocookie.net/dont-starve-game/images/3/36/Miss_Sow%27s_Floral_Arrangements_Build.png/revision/latest/scale-to-width-down/231?cb=20181021122939","Ratatouille","3"
"Floral Arrangements (Farming)","https://static.wikia.nocookie.net/dont-starve-game/images/3/36/Miss_Sow%27s_Floral_Arrangements_Build.png/revision/latest/scale-to-width-down/231?cb=20181021122939","Monster Lasagna","2"
"Floral Arrangements (Farming)","https://static.wikia.nocookie.net/dont-starve-game/images/3/36/Miss_Sow%27s_Floral_Arrangements_Build.png/revision/latest/scale-to-width-down/231?cb=20181021122939","Meat","5"
"Floral Arrangements (Farming)","https://static.wikia.nocookie.net/dont-starve-game/images/3/36/Miss_Sow%27s_Floral_Arrangements_Build.png/revision/latest/scale-to-width-down/231?cb=20181021122939","Coconut","3"
"Floral Arrangements (Farming)","https://static.wikia.nocookie.net/dont-starve-game/images/3/36/Miss_Sow%27s_Floral_Arrangements_Build.png/revision/latest/scale-to-width-down/231?cb=20181021122939","Pumpkin","3"
"Floral Arrangements (Farming)","https://static.wikia.nocookie.net/dont-starve-game/images/3/36/Miss_Sow%27s_Floral_Arrangements_Build.png/revision/latest/scale-to-width-down/231?cb=20181021122939","Frog Legs","2"
"Floral Arrangements (Farming)","https://static.wikia.nocookie.net/dont-starve-game/images/3/36/Miss_Sow%27s_Floral_Arrangements_Build.png/revision/latest/scale-to-width-down/231?cb=20181021122939","Drumstick","2"
"Floral Arrangements (Farming)","https://static.wikia.nocookie.net/dont-starve-game/images/3/36/Miss_Sow%27s_Floral_Arrangements_Build.png/revision/latest/scale-to-width-down/231?cb=20181021122939","Eggplant","2"
"Floral Arrangements (Farming)","https://static.wikia.nocookie.net/dont-starve-game/images/3/36/Miss_Sow%27s_Floral_Arrangements_Build.png/revision/latest/scale-to-width-down/231?cb=20181021122939","Corn","2"
"Floral Arrangements (Farming)","https://static.wikia.nocookie.net/dont-starve-game/images/3/36/Miss_Sow%27s_Floral_Arrangements_Build.png/revision/latest/scale-to-width-down/231?cb=20181021122939","Berries","1"
"Floral Arrangements (Farming)","https://static.wikia.nocookie.net/dont-starve-game/images/3/36/Miss_Sow%27s_Floral_Arrangements_Build.png/revision/latest/scale-to-width-down/231?cb=20181021122939","Ice","1"
"Floral Arrangements (Farming)","https://static.wikia.nocookie.net/dont-starve-game/images/3/36/Miss_Sow%27s_Floral_Arrangements_Build.png/revision/latest/scale-to-width-down/231?cb=20181021122939","Watermelon","1"
"Floral Arrangements (Farming)","https://static.wikia.nocookie.net/dont-starve-game/images/3/36/Miss_Sow%27s_Floral_Arrangements_Build.png/revision/latest/scale-to-width-down/231?cb=20181021122939","Sweet Potato","1"
"Floral Arrangements (Farming)","https://static.wikia.nocookie.net/dont-starve-game/images/3/36/Miss_Sow%27s_Floral_Arrangements_Build.png/revision/latest/scale-to-width-down/231?cb=20181021122939","Carrot","1"
"Floral Arrangements (Farming)","https://static.wikia.nocookie.net/dont-starve-game/images/3/36/Miss_Sow%27s_Floral_Arrangements_Build.png/revision/latest/scale-to-width-down/231?cb=20181021122939","Pomegranate","1"
"Floral Arrangements (Farming)","https://static.wikia.nocookie.net/dont-starve-game/images/3/36/Miss_Sow%27s_Floral_Arrangements_Build.png/revision/latest/scale-to-width-down/231?cb=20181021122939","Banana","1"
"Floral Arrangements (Farming)","https://static.wikia.nocookie.net/dont-starve-game/images/3/36/Miss_Sow%27s_Floral_Arrangements_Build.png/revision/latest/scale-to-width-down/231?cb=20181021122939","Dragon Fruit Seeds","10"
"Floral Arrangements (Farming)","https://static.wikia.nocookie.net/dont-starve-game/images/3/36/Miss_Sow%27s_Floral_Arrangements_Build.png/revision/latest/scale-to-width-down/231?cb=20181021122939","Garland","2"
"Floral Arrangements (Farming)","https://static.wikia.nocookie.net/dont-starve-game/images/3/36/Miss_Sow%27s_Floral_Arrangements_Build.png/revision/latest/scale-to-width-down/231?cb=20181021122939","Berry Bush","2"
"Floral Arrangements (Farming)","https://static.wikia.nocookie.net/dont-starve-game/images/3/36/Miss_Sow%27s_Floral_Arrangements_Build.png/revision/latest/scale-to-width-down/231?cb=20181021122939","Pumpkin Seeds","1"
"Floral Arrangements (Farming)","https://static.wikia.nocookie.net/dont-starve-game/images/3/36/Miss_Sow%27s_Floral_Arrangements_Build.png/revision/latest/scale-to-width-down/231?cb=20181021122939","Pomegranate Seeds","1"
"Floral Arrangements (Farming)","https://static.wikia.nocookie.net/dont-starve-game/images/3/36/Miss_Sow%27s_Floral_Arrangements_Build.png/revision/latest/scale-to-width-down/231?cb=20181021122939","Eggplant Seeds","1"
"Floral Arrangements (Farming)","https://static.wikia.nocookie.net/dont-starve-game/images/3/36/Miss_Sow%27s_Floral_Arrangements_Build.png/revision/latest/scale-to-width-down/231?cb=20181021122939","Durian Seeds","1"
"Floral Arrangements (Farming)","https://static.wikia.nocookie.net/dont-starve-game/images/3/36/Miss_Sow%27s_Floral_Arrangements_Build.png/revision/latest/scale-to-width-down/231?cb=20181021122939","Corn Seeds","1"
"Floral Arrangements (Farming)","https://static.wikia.nocookie.net/dont-starve-game/images/3/36/Miss_Sow%27s_Floral_Arrangements_Build.png/revision/latest/scale-to-width-down/231?cb=20181021122939","Watermelon Seeds","1"
"Floral Arrangements (Farming)","https://static.wikia.nocookie.net/dont-starve-game/images/3/36/Miss_Sow%27s_Floral_Arrangements_Build.png/revision/latest/scale-to-width-down/231?cb=20181021122939","Birchnut","1"
"Floral Arrangements (Farming)","https://static.wikia.nocookie.net/dont-starve-game/images/3/36/Miss_Sow%27s_Floral_Arrangements_Build.png/revision/latest/scale-to-width-down/231?cb=20181021122939","Pine Cone","1"
"Floral Arrangements (Farming)","https://static.wikia.nocookie.net/dont-starve-game/images/3/36/Miss_Sow%27s_Floral_Arrangements_Build.png/revision/latest/scale-to-width-down/231?cb=20181021122939","Deerclops Eyeball","50"
"Floral Arrangements (Farming)","https://static.wikia.nocookie.net/dont-starve-game/images/3/36/Miss_Sow%27s_Floral_Arrangements_Build.png/revision/latest/scale-to-width-down/231?cb=20181021122939","Mandrake","50"
"Floral Arrangements (Farming)","https://static.wikia.nocookie.net/dont-starve-game/images/3/36/Miss_Sow%27s_Floral_Arrangements_Build.png/revision/latest/scale-to-width-down/231?cb=20181021122939","Walrus Tusk","50"
"Floral Arrangements (Farming)","https://static.wikia.nocookie.net/dont-starve-game/images/3/36/Miss_Sow%27s_Floral_Arrangements_Build.png/revision/latest/scale-to-width-down/231?cb=20181021122939","Down Feather","40"
"Floral Arrangements (Farming)","https://static.wikia.nocookie.net/dont-starve-game/images/3/36/Miss_Sow%27s_Floral_Arrangements_Build.png/revision/latest/scale-to-width-down/231?cb=20181021122939","Thick Fur","40"
"Floral Arrangements (Farming)","https://static.wikia.nocookie.net/dont-starve-game/images/3/36/Miss_Sow%27s_Floral_Arrangements_Build.png/revision/latest/scale-to-width-down/231?cb=20181021122939","Scales","30"
"Floral Arrangements (Farming)","https://static.wikia.nocookie.net/dont-starve-game/images/3/36/Miss_Sow%27s_Floral_Arrangements_Build.png/revision/latest/scale-to-width-down/231?cb=20181021122939","Glow Berry","20"
"Floral Arrangements (Farming)","https://static.wikia.nocookie.net/dont-starve-game/images/3/36/Miss_Sow%27s_Floral_Arrangements_Build.png/revision/latest/scale-to-width-down/231?cb=20181021122939","Gears","10"
"Floral Arrangements (Farming)","https://static.wikia.nocookie.net/dont-starve-game/images/3/36/Miss_Sow%27s_Floral_Arrangements_Build.png/revision/latest/scale-to-width-down/231?cb=20181021122939","Beefalo Horn","5"
"Floral Arrangements (Farming)","https://static.wikia.nocookie.net/dont-starve-game/images/3/36/Miss_Sow%27s_Floral_Arrangements_Build.png/revision/latest/scale-to-width-down/231?cb=20181021122939","Horn","5"
"Floral Arrangements (Farming)","https://static.wikia.nocookie.net/dont-starve-game/images/3/36/Miss_Sow%27s_Floral_Arrangements_Build.png/revision/latest/scale-to-width-down/231?cb=20181021122939","Hound's Tooth","5"
"Floral Arrangements (Farming)","https://static.wikia.nocookie.net/dont-starve-game/images/3/36/Miss_Sow%27s_Floral_Arrangements_Build.png/revision/latest/scale-to-width-down/231?cb=20181021122939","Silk","5"
"Floral Arrangements (Farming)","https://static.wikia.nocookie.net/dont-starve-game/images/3/36/Miss_Sow%27s_Floral_Arrangements_Build.png/revision/latest/scale-to-width-down/231?cb=20181021122939","Volt Goat Horn","5"
"Floral Arrangements (Farming)","https://static.wikia.nocookie.net/dont-starve-game/images/3/36/Miss_Sow%27s_Floral_Arrangements_Build.png/revision/latest/scale-to-width-down/231?cb=20181021122939","Cat Tail","4"
"Floral Arrangements (Farming)","https://static.wikia.nocookie.net/dont-starve-game/images/3/36/Miss_Sow%27s_Floral_Arrangements_Build.png/revision/latest/scale-to-width-down/231?cb=20181021122939","Bamboo","3"
"Oddities Emporium (Rare Crafting)","https://static.wikia.nocookie.net/dont-starve-game/images/0/08/%27The_Sty%27_Oddities_Emporium_Build.png/revision/latest/scale-to-width-down/262?cb=20181025182555","Anti Venom","5"
"Oddities Emporium (Rare Crafting)","https://static.wikia.nocookie.net/dont-starve-game/images/0/08/%27The_Sty%27_Oddities_Emporium_Build.png/revision/latest/scale-to-width-down/262?cb=20181025182555","Honey Poultice","5"
"Oddities Emporium (Rare Crafting)","https://static.wikia.nocookie.net/dont-starve-game/images/0/08/%27The_Sty%27_Oddities_Emporium_Build.png/revision/latest/scale-to-width-down/262?cb=20181025182555","Healing Salve","4"
"Oddities Emporium (Rare Crafting)","https://static.wikia.nocookie.net/dont-starve-game/images/0/08/%27The_Sty%27_Oddities_Emporium_Build.png/revision/latest/scale-to-width-down/262?cb=20181025182555","Blue Cap","3"
"Oddities Emporium (Rare Crafting)","https://static.wikia.nocookie.net/dont-starve-game/images/0/08/%27The_Sty%27_Oddities_Emporium_Build.png/revision/latest/scale-to-width-down/262?cb=20181025182555","Green Cap","2"
"Oddities Emporium (Rare Crafting)","https://static.wikia.nocookie.net/dont-starve-game/images/0/08/%27The_Sty%27_Oddities_Emporium_Build.png/revision/latest/scale-to-width-down/262?cb=20181025182555","Coffee Beans","2"
"Oddities Emporium (Rare Crafting)","https://static.wikia.nocookie.net/dont-starve-game/images/0/08/%27The_Sty%27_Oddities_Emporium_Build.png/revision/latest/scale-to-width-down/262?cb=20181025182555","Miner Hat","20"
"Oddities Emporium (Rare Crafting)","https://static.wikia.nocookie.net/dont-starve-game/images/0/08/%27The_Sty%27_Oddities_Emporium_Build.png/revision/latest/scale-to-width-down/262?cb=20181025182555","Bug Net","20"
"Oddities Emporium (Rare Crafting)","https://static.wikia.nocookie.net/dont-starve-game/images/0/08/%27The_Sty%27_Oddities_Emporium_Build.png/revision/latest/scale-to-width-down/262?cb=20181025182555","Fishing Rod","10"
"Oddities Emporium (Rare Crafting)","https://static.wikia.nocookie.net/dont-starve-game/images/0/08/%27The_Sty%27_Oddities_Emporium_Build.png/revision/latest/scale-to-width-down/262?cb=20181025182555","Umbrella","10"
"Oddities Emporium (Rare Crafting)","https://static.wikia.nocookie.net/dont-starve-game/images/0/08/%27The_Sty%27_Oddities_Emporium_Build.png/revision/latest/scale-to-width-down/262?cb=20181025182555","Axe","5"
"Oddities Emporium (Rare Crafting)","https://static.wikia.nocookie.net/dont-starve-game/images/0/08/%27The_Sty%27_Oddities_Emporium_Build.png/revision/latest/scale-to-width-down/262?cb=20181025182555","Pickaxe","5"
"Oddities Emporium (Rare Crafting)","https://static.wikia.nocookie.net/dont-starve-game/images/0/08/%27The_Sty%27_Oddities_Emporium_Build.png/revision/latest/scale-to-width-down/262?cb=20181025182555","Shovel","5"
"Oddities Emporium (Rare Crafting)","https://static.wikia.nocookie.net/dont-starve-game/images/0/08/%27The_Sty%27_Oddities_Emporium_Build.png/revision/latest/scale-to-width-down/262?cb=20181025182555","Machete","5"
"Oddities Emporium (Rare Crafting)","https://static.wikia.nocookie.net/dont-starve-game/images/0/08/%27The_Sty%27_Oddities_Emporium_Build.png/revision/latest/scale-to-width-down/262?cb=20181025182555","Pitchfork","5"
"Oddities Emporium (Rare Crafting)","https://static.wikia.nocookie.net/dont-starve-game/images/0/08/%27The_Sty%27_Oddities_Emporium_Build.png/revision/latest/scale-to-width-down/262?cb=20181025182555","Backpack","5"
"Oddities Emporium (Rare Crafting)","https://static.wikia.nocookie.net/dont-starve-game/images/0/08/%27The_Sty%27_Oddities_Emporium_Build.png/revision/latest/scale-to-width-down/262?cb=20181025182555","Cloth","5"
"Oddities Emporium (Rare Crafting)","https://static.wikia.nocookie.net/dont-starve-game/images/0/08/%27The_Sty%27_Oddities_Emporium_Build.png/revision/latest/scale-to-width-down/262?cb=20181025182555","Razor","3"
"Oddities Emporium (Rare Crafting)","https://static.wikia.nocookie.net/dont-starve-game/images/0/08/%27The_Sty%27_Oddities_Emporium_Build.png/revision/latest/scale-to-width-down/262?cb=20181025182555","Flint","1"
"Oddities Emporium (Rare Crafting)","https://static.wikia.nocookie.net/dont-starve-game/images/0/08/%27The_Sty%27_Oddities_Emporium_Build.png/revision/latest/scale-to-width-down/262?cb=20181025182555","Firecrackers","1"
"Oddities Emporium (Rare Crafting)","https://static.wikia.nocookie.net/dont-starve-game/images/0/08/%27The_Sty%27_Oddities_Emporium_Build.png/revision/latest/scale-to-width-down/262?cb=20181025182555","Dragonpie","30"
"Oddities Emporium (Rare Crafting)","https://static.wikia.nocookie.net/dont-starve-game/images/0/08/%27The_Sty%27_Oddities_Emporium_Build.png/revision/latest/scale-to-width-down/262?cb=20181025182555","Honey Ham","20"
"Oddities Emporium (Rare Crafting)","https://static.wikia.nocookie.net/dont-starve-game/images/0/08/%27The_Sty%27_Oddities_Emporium_Build.png/revision/latest/scale-to-width-down/262?cb=20181025182555","Meatballs","10"
"Oddities Emporium (Rare Crafting)","https://static.wikia.nocookie.net/dont-starve-game/images/0/08/%27The_Sty%27_Oddities_Emporium_Build.png/revision/latest/scale-to-width-down/262?cb=20181025182555","Pierogi","10"
"Oddities Emporium (Rare Crafting)","https://static.wikia.nocookie.net/dont-starve-game/images/0/08/%27The_Sty%27_Oddities_Emporium_Build.png/revision/latest/scale-to-width-down/262?cb=20181025182555","Turkey Dinner","10"
"Oddities Emporium (Rare Crafting)","https://static.wikia.nocookie.net/dont-starve-game/images/0/08/%27The_Sty%27_Oddities_Emporium_Build.png/revision/latest/scale-to-width-down/262?cb=20181025182555","Waffles","10"
"Oddities Emporium (Rare Crafting)","https://static.wikia.nocookie.net/dont-starve-game/images/0/08/%27The_Sty%27_Oddities_Emporium_Build.png/revision/latest/scale-to-width-down/262?cb=20181025182555","Froggle Bunwich","5"
"Oddities Emporium (Rare Crafting)","https://static.wikia.nocookie.net/dont-starve-game/images/0/08/%27The_Sty%27_Oddities_Emporium_Build.png/revision/latest/scale-to-width-down/262?cb=20181025182555","Honey Nuggets","5"
"Oddities Emporium (Rare Crafting)","https://static.wikia.nocookie.net/dont-starve-game/images/0/08/%27The_Sty%27_Oddities_Emporium_Build.png/revision/latest/scale-to-width-down/262?cb=20181025182555","Stuffed Eggplant","4"
"Oddities Emporium (Rare Crafting)","https://static.wikia.nocookie.net/dont-starve-game/images/0/08/%27The_Sty%27_Oddities_Emporium_Build.png/revision/latest/scale-to-width-down/262?cb=20181025182555","Pumpkin Cookies","3"
"Oddities Emporium (Rare Crafting)","https://static.wikia.nocookie.net/dont-starve-game/images/0/08/%27The_Sty%27_Oddities_Emporium_Build.png/revision/latest/scale-to-width-down/262?cb=20181025182555","Ratatouille","3"
"Oddities Emporium (Rare Crafting)","https://static.wikia.nocookie.net/dont-starve-game/images/0/08/%27The_Sty%27_Oddities_Emporium_Build.png/revision/latest/scale-to-width-down/262?cb=20181025182555","Monster Lasagna","2"
"Oddities Emporium (Rare Crafting)","https://static.wikia.nocookie.net/dont-starve-game/images/0/08/%27The_Sty%27_Oddities_Emporium_Build.png/revision/latest/scale-to-width-down/262?cb=20181025182555","Meat","5"
"Oddities Emporium (Rare Crafting)","https://static.wikia.nocookie.net/dont-starve-game/images/0/08/%27The_Sty%27_Oddities_Emporium_Build.png/revision/latest/scale-to-width-down/262?cb=20181025182555","Coconut","3"
"Oddities Emporium (Rare Crafting)","https://static.wikia.nocookie.net/dont-starve-game/images/0/08/%27The_Sty%27_Oddities_Emporium_Build.png/revision/latest/scale-to-width-down/262?cb=20181025182555","Pumpkin","3"
"Oddities Emporium (Rare Crafting)","https://static.wikia.nocookie.net/dont-starve-game/images/0/08/%27The_Sty%27_Oddities_Emporium_Build.png/revision/latest/scale-to-width-down/262?cb=20181025182555","Frog Legs","2"
"Oddities Emporium (Rare Crafting)","https://static.wikia.nocookie.net/dont-starve-game/images/0/08/%27The_Sty%27_Oddities_Emporium_Build.png/revision/latest/scale-to-width-down/262?cb=20181025182555","Drumstick","2"
"Oddities Emporium (Rare Crafting)","https://static.wikia.nocookie.net/dont-starve-game/images/0/08/%27The_Sty%27_Oddities_Emporium_Build.png/revision/latest/scale-to-width-down/262?cb=20181025182555","Eggplant","2"
"Oddities Emporium (Rare Crafting)","https://static.wikia.nocookie.net/dont-starve-game/images/0/08/%27The_Sty%27_Oddities_Emporium_Build.png/revision/latest/scale-to-width-down/262?cb=20181025182555","Corn","2"
"Oddities Emporium (Rare Crafting)","https://static.wikia.nocookie.net/dont-starve-game/images/0/08/%27The_Sty%27_Oddities_Emporium_Build.png/revision/latest/scale-to-width-down/262?cb=20181025182555","Berries","1"
"Oddities Emporium (Rare Crafting)","https://static.wikia.nocookie.net/dont-starve-game/images/0/08/%27The_Sty%27_Oddities_Emporium_Build.png/revision/latest/scale-to-width-down/262?cb=20181025182555","Ice","1"
"Oddities Emporium (Rare Crafting)","https://static.wikia.nocookie.net/dont-starve-game/images/0/08/%27The_Sty%27_Oddities_Emporium_Build.png/revision/latest/scale-to-width-down/262?cb=20181025182555","Watermelon","1"
"Oddities Emporium (Rare Crafting)","https://static.wikia.nocookie.net/dont-starve-game/images/0/08/%27The_Sty%27_Oddities_Emporium_Build.png/revision/latest/scale-to-width-down/262?cb=20181025182555","Sweet Potato","1"
"Oddities Emporium (Rare Crafting)","https://static.wikia.nocookie.net/dont-starve-game/images/0/08/%27The_Sty%27_Oddities_Emporium_Build.png/revision/latest/scale-to-width-down/262?cb=20181025182555","Carrot","1"
"Oddities Emporium (Rare Crafting)","https://static.wikia.nocookie.net/dont-starve-game/images/0/08/%27The_Sty%27_Oddities_Emporium_Build.png/revision/latest/scale-to-width-down/262?cb=20181025182555","Pomegranate","1"
"Oddities Emporium (Rare Crafting)","https://static.wikia.nocookie.net/dont-starve-game/images/0/08/%27The_Sty%27_Oddities_Emporium_Build.png/revision/latest/scale-to-width-down/262?cb=20181025182555","Banana","1"
"Oddities Emporium (Rare Crafting)","https://static.wikia.nocookie.net/dont-starve-game/images/0/08/%27The_Sty%27_Oddities_Emporium_Build.png/revision/latest/scale-to-width-down/262?cb=20181025182555","Dragon Fruit Seeds","10"
"Oddities Emporium (Rare Crafting)","https://static.wikia.nocookie.net/dont-starve-game/images/0/08/%27The_Sty%27_Oddities_Emporium_Build.png/revision/latest/scale-to-width-down/262?cb=20181025182555","Garland","2"
"Oddities Emporium (Rare Crafting)","https://static.wikia.nocookie.net/dont-starve-game/images/0/08/%27The_Sty%27_Oddities_Emporium_Build.png/revision/latest/scale-to-width-down/262?cb=20181025182555","Berry Bush","2"
"Oddities Emporium (Rare Crafting)","https://static.wikia.nocookie.net/dont-starve-game/images/0/08/%27The_Sty%27_Oddities_Emporium_Build.png/revision/latest/scale-to-width-down/262?cb=20181025182555","Pumpkin Seeds","1"
"Oddities Emporium (Rare Crafting)","https://static.wikia.nocookie.net/dont-starve-game/images/0/08/%27The_Sty%27_Oddities_Emporium_Build.png/revision/latest/scale-to-width-down/262?cb=20181025182555","Pomegranate Seeds","1"
"Oddities Emporium (Rare Crafting)","https://static.wikia.nocookie.net/dont-starve-game/images/0/08/%27The_Sty%27_Oddities_Emporium_Build.png/revision/latest/scale-to-width-down/262?cb=20181025182555","Eggplant Seeds","1"
"Oddities Emporium (Rare Crafting)","https://static.wikia.nocookie.net/dont-starve-game/images/0/08/%27The_Sty%27_Oddities_Emporium_Build.png/revision/latest/scale-to-width-down/262?cb=20181025182555","Durian Seeds","1"
"Oddities Emporium (Rare Crafting)","https://static.wikia.nocookie.net/dont-starve-game/images/0/08/%27The_Sty%27_Oddities_Emporium_Build.png/revision/latest/scale-to-width-down/262?cb=20181025182555","Corn Seeds","1"
"Oddities Emporium (Rare Crafting)","https://static.wikia.nocookie.net/dont-starve-game/images/0/08/%27The_Sty%27_Oddities_Emporium_Build.png/revision/latest/scale-to-width-down/262?cb=20181025182555","Watermelon Seeds","1"
"Oddities Emporium (Rare Crafting)","https://static.wikia.nocookie.net/dont-starve-game/images/0/08/%27The_Sty%27_Oddities_Emporium_Build.png/revision/latest/scale-to-width-down/262?cb=20181025182555","Birchnut","1"
"Oddities Emporium (Rare Crafting)","https://static.wikia.nocookie.net/dont-starve-game/images/0/08/%27The_Sty%27_Oddities_Emporium_Build.png/revision/latest/scale-to-width-down/262?cb=20181025182555","Pine Cone","1"
"Oddities Emporium (Rare Crafting)","https://static.wikia.nocookie.net/dont-starve-game/images/0/08/%27The_Sty%27_Oddities_Emporium_Build.png/revision/latest/scale-to-width-down/262?cb=20181025182555","Deerclops Eyeball","50"
"Oddities Emporium (Rare Crafting)","https://static.wikia.nocookie.net/dont-starve-game/images/0/08/%27The_Sty%27_Oddities_Emporium_Build.png/revision/latest/scale-to-width-down/262?cb=20181025182555","Mandrake","50"
"Oddities Emporium (Rare Crafting)","https://static.wikia.nocookie.net/dont-starve-game/images/0/08/%27The_Sty%27_Oddities_Emporium_Build.png/revision/latest/scale-to-width-down/262?cb=20181025182555","Walrus Tusk","50"
"Oddities Emporium (Rare Crafting)","https://static.wikia.nocookie.net/dont-starve-game/images/0/08/%27The_Sty%27_Oddities_Emporium_Build.png/revision/latest/scale-to-width-down/262?cb=20181025182555","Down Feather","40"
"Oddities Emporium (Rare Crafting)","https://static.wikia.nocookie.net/dont-starve-game/images/0/08/%27The_Sty%27_Oddities_Emporium_Build.png/revision/latest/scale-to-width-down/262?cb=20181025182555","Thick Fur","40"
"Oddities Emporium (Rare Crafting)","https://static.wikia.nocookie.net/dont-starve-game/images/0/08/%27The_Sty%27_Oddities_Emporium_Build.png/revision/latest/scale-to-width-down/262?cb=20181025182555","Scales","30"
"Oddities Emporium (Rare Crafting)","https://static.wikia.nocookie.net/dont-starve-game/images/0/08/%27The_Sty%27_Oddities_Emporium_Build.png/revision/latest/scale-to-width-down/262?cb=20181025182555","Glow Berry","20"
"Oddities Emporium (Rare Crafting)","https://static.wikia.nocookie.net/dont-starve-game/images/0/08/%27The_Sty%27_Oddities_Emporium_Build.png/revision/latest/scale-to-width-down/262?cb=20181025182555","Gears","10"
"Oddities Emporium (Rare Crafting)","https://static.wikia.nocookie.net/dont-starve-game/images/0/08/%27The_Sty%27_Oddities_Emporium_Build.png/revision/latest/scale-to-width-down/262?cb=20181025182555","Beefalo Horn","5"
"Oddities Emporium (Rare Crafting)","https://static.wikia.nocookie.net/dont-starve-game/images/0/08/%27The_Sty%27_Oddities_Emporium_Build.png/revision/latest/scale-to-width-down/262?cb=20181025182555","Horn","5"
"Oddities Emporium (Rare Crafting)","https://static.wikia.nocookie.net/dont-starve-game/images/0/08/%27The_Sty%27_Oddities_Emporium_Build.png/revision/latest/scale-to-width-down/262?cb=20181025182555","Hound's Tooth","5"
"Oddities Emporium (Rare Crafting)","https://static.wikia.nocookie.net/dont-starve-game/images/0/08/%27The_Sty%27_Oddities_Emporium_Build.png/revision/latest/scale-to-width-down/262?cb=20181025182555","Silk","5"
"Oddities Emporium (Rare Crafting)","https://static.wikia.nocookie.net/dont-starve-game/images/0/08/%27The_Sty%27_Oddities_Emporium_Build.png/revision/latest/scale-to-width-down/262?cb=20181025182555","Volt Goat Horn","5"
"Oddities Emporium (Rare Crafting)","https://static.wikia.nocookie.net/dont-starve-game/images/0/08/%27The_Sty%27_Oddities_Emporium_Build.png/revision/latest/scale-to-width-down/262?cb=20181025182555","Cat Tail","4"
"Oddities Emporium (Rare Crafting)","https://static.wikia.nocookie.net/dont-starve-game/images/0/08/%27The_Sty%27_Oddities_Emporium_Build.png/revision/latest/scale-to-width-down/262?cb=20181025182555","Bamboo","3"
